nro_legajo;edad_ingreso;zona;distancia_km;horas_trabajo_sem;beca;promedio_1er_anio;materias_aprobadas_1er_anio;asistencia_pct;reinscripcion_tardia;abandona
90074;26;Oeste;4.9;6;no;6.94;3;71.7;no;no
67551;17;Centro;3.9;18;no;7.02;7;86.5;no;no
40969;19;Norte;14.6;30;no;8.43;7;53.3;si;no
33986;22;Oeste;2.4;27;si;4.83;3;68.7;si;si
38379;22;Rural;18.4;32;no;7.0;4;57.8;no;no
69694;21;Centro;3.8;9;no;8.54;6;80.9;no;no
28814;23;Centro;10.8;23;no;6.67;4;69.5;no;no
76711;19;Centro;25.2;17;no;6.81;5;60.2;no;no
21573;20;Norte;0.9;13;si;6.11;4;83.0;no;si
88229;23;Centro;3.1;25;no;5.0;4;70.0;no;no
21292;27;Sur;9.7;18;si;7.33;8;61.7;no;no
65327;23;Sur;4.7;23;no;3.0;0;77.7;si;si
95884;20;Centro;3.6;11;no;6.67;4;66.4;no;no
58930;18;Sur;0.7;29;no;4.99;7;73.9;no;no
84135;22;Centro;16.3;0;no;7.45;5;69.6;no;no
63758;19;Sur;3.3;28;no;5.94;6;58.4;si;no
41698;25;Rural;0.5;9;si;6.89;5;64.7;no;no
35713;23;Oeste;1.3;11;no;7.09;6;68.2;si;no
91160;21;Sur;1.4;7;no;7.27;6;84.8;no;no
51014;23;Norte;1.1;27;no;5.92;6;58.4;no;no
67025;19;Centro;13.3;8;si;6.41;3;79.2;no;no
87724;18;Sur;2.5;13;no;7.15;4;94.8;no;no
41232;19;Norte;5.9;0;no;9.73;9;78.8;no;no
92139;22;Oeste;0.5;32;no;6.01;4;52.6;si;no
92902;20;Centro;21.1;0;no;5.44;3;84.3;no;no
90673;20;Norte;1.5;10;no;3.88;2;76.6;no;no
40356;22;Oeste;14.4;24;no;4.11;2;60.7;no;si
23290;17;Norte;4.2;14;no;9.05;9;86.6;no;no
61668;18;Norte;3.6;12;no;8.77;7;80.6;no;no
97087;22;Centro;10.4;23;no;5.45;5;88.0;si;no
24452;21;Sur;3.5;31;no;4.71;2;83.2;no;no
66756;23;Norte;10.9;25;no;5.2;6;58.3;no;no
53753;22;Rural;33.6;26;si;6.11;2;69.3;no;no
80435;20;Norte;22.8;22;no;7.5;8;84.4;no;no
60349;21;Oeste;2.8;9;no;8.35;6;80.1;no;no
40559;21;Sur;16.9;6;no;8.77;7;84.6;no;no
38491;22;Sur;3.4;21;si;7.97;6;69.3;no;no
27598;23;Rural;25.2;23;no;7.1;6;53.6;si;no
78526;21;Rural;2.5;19;no;8.23;7;72.6;no;no
71813;17;Centro;7.9;0;no;7.32;6;100.0;no;no
46133;24;Norte;0.5;22;no;5.67;4;74.1;no;no
41572;20;Centro;8.4;22;no;6.18;3;86.1;no;si
28673;20;Rural;9.3;13;si;6.34;5;70.8;no;no
20239;17;Sur;2.9;13;no;7.57;7;71.7;no;no
41309;21;Norte;3.5;22;no;5.84;5;68.0;no;si
78461;20;Oeste;9.1;25;no;7.21;5;63.9;si;no
41844;23;Norte;11.7;6;no;5.11;3;87.3;no;si
32775;25;Oeste;1.9;21;si;5.57;1;69.9;no;no
93929;19;Norte;6.5;9;no;7.25;6;75.6;no;no
23852;23;Centro;8.9;13;no;9.4;8;84.7;no;no
29552;21;Oeste;8.8;38;no;5.12;3;66.2;no;si
49277;29;Norte;0.8;3;si;7.93;6;70.4;no;no
33461;21;Norte;24.6;26;si;7.52;5;71.3;si;no
53131;19;Norte;9.6;20;si;7.15;4;74.6;no;no
49758;24;Norte;3.6;14;no;5.72;6;100.0;no;no
33249;19;Sur;3.3;20;no;4.17;4;61.9;si;no
73882;19;Norte;16.9;15;no;7.46;6;66.6;no;si
47052;21;Sur;3.1;17;si;8.13;8;85.0;no;no
85300;23;Centro;7.2;14;no;7.57;7;83.9;no;no
88638;22;Sur;5.7;16;si;7.55;8;55.0;no;no
23296;23;Sur;4.3;20;no;5.8;3;80.3;no;no
87006;18;Sur;14.1;2;no;6.56;5;86.4;si;no
62203;19;Norte;4.9;19;no;6.76;7;61.6;si;no
29304;24;Rural;81.1;14;si;6.19;4;72.9;si;no
70169;21;Centro;0.5;8;no;5.47;2;69.0;no;no
36938;19;Norte;3.2;0;no;8.66;7;85.1;no;no
32582;22;Sur;15.9;7;si;6.99;7;76.0;no;no
70926;22;Sur;5.2;43;no;4.44;2;52.4;si;si
76382;23;Centro;2.9;23;no;5.72;4;61.7;no;si
74467;19;Norte;15.5;0;no;7.96;6;74.5;no;si
74098;20;Centro;2.5;12;no;5.21;3;88.4;no;no
70123;21;Centro;22.3;23;no;7.19;7;57.8;no;no
23083;21;Norte;0.9;16;no;6.8;6;73.4;no;no
42496;19;Norte;12.0;10;no;4.59;2;76.7;no;si
55404;20;Oeste;7.3;35;no;7.31;6;70.5;no;no
42082;20;Centro;7.9;9;no;6.12;5;65.0;no;no
80008;24;Oeste;6.1;30;si;6.62;8;63.5;si;no
50136;23;Sur;2.7;13;no;6.21;3;69.1;no;no
27337;20;Sur;5.0;16;no;6.04;5;89.4;no;no
81111;17;Centro;0.9;0;no;8.22;7;92.6;no;no
87345;24;Oeste;2.9;16;si;5.5;4;69.9;no;no
92743;18;Norte;0.5;16;si;7.92;8;79.5;no;no
60475;22;Norte;8.6;15;no;8.18;7;82.2;no;no
65057;22;Sur;4.0;22;no;4.41;5;72.3;no;no
99963;21;Norte;6.0;0;no;7.41;6;81.9;si;no
54424;21;Sur;3.9;20;no;6.69;5;65.0;si;si
37464;20;Centro;13.8;0;si;5.3;2;66.4;no;no
88025;25;Oeste;2.3;20;no;5.02;3;57.8;si;si
32348;25;Centro;9.5;0;no;7.99;6;80.7;no;no
68020;17;Norte;7.9;23;no;4.71;4;47.4;si;si
25570;19;Centro;2.6;19;no;7.4;7;70.6;no;no
63904;22;Centro;25.6;10;no;6.71;6;81.5;no;no
50114;24;Sur;13.5;24;no;7.55;9;64.4;si;no
83442;18;Centro;7.6;6;no;7.0;5;81.7;si;no
46607;23;Oeste;2.0;20;no;5.54;5;61.0;no;no
43243;17;Norte;30.8;0;no;6.88;6;81.0;no;no
43042;23;Rural;4.6;17;si;6.52;5;76.1;si;no
93230;20;Sur;12.6;19;si;3.55;1;78.6;no;si
21473;23;Centro;5.6;0;no;7.56;6;96.2;si;no
93243;19;Sur;1.3;41;no;2.62;1;66.7;no;no
29124;24;Centro;1.3;4;si;4.98;5;71.6;no;no
74923;19;Norte;2.3;6;no;7.78;9;81.6;no;no
78968;17;Centro;4.8;12;no;6.89;6;64.1;no;no
59819;20;Norte;1.1;3;no;6.65;5;95.7;no;si
23317;25;Sur;0.5;17;no;6.05;5;70.0;no;no
44910;19;Sur;3.1;11;si;5.63;2;74.4;no;no
63857;22;Centro;1.5;18;si;5.88;2;58.2;no;si
99804;20;Rural;9.1;13;si;4.27;2;61.0;no;si
65277;20;Norte;1.4;4;no;8.33;5;69.2;no;no
58223;25;Sur;6.4;15;si;7.2;7;82.1;no;no
83498;17;Centro;7.6;0;si;8.92;6;88.4;no;no
24140;25;Norte;7.3;3;no;6.93;5;82.3;no;no
59888;21;Oeste;2.7;16;si;5.91;5;66.8;no;no
86008;17;Norte;3.5;15;no;7.25;4;77.6;no;si
34572;20;Oeste;6.6;18;si;6.25;6;65.2;si;no
90691;24;Sur;21.7;35;no;8.61;8;66.0;no;no
81512;22;Sur;23.1;26;no;7.19;6;78.1;no;no
55483;21;Rural;58.4;36;no;8.13;5;66.4;no;si
52195;21;Sur;12.5;16;si;7.02;7;58.5;si;no
99103;19;Centro;0.7;2;no;7.47;8;74.4;si;no
44177;23;Sur;3.5;35;si;6.55;2;81.0;no;no
70237;24;Sur;6.9;22;no;5.63;5;77.8;si;no
22727;22;Oeste;5.7;10;si;7.4;4;69.4;no;no
92098;17;Centro;17.7;0;no;7.97;7;69.7;no;no
94573;18;Centro;7.4;13;no;7.84;8;64.2;no;no
37693;20;Rural;17.6;18;no;8.66;7;69.3;no;no
75768;23;Sur;7.9;17;no;6.27;4;66.5;no;no
29609;17;Centro;0.9;3;no;8.25;8;71.2;si;no
51347;27;Sur;6.5;17;si;7.71;6;67.4;no;no
36332;20;Norte;4.7;6;no;8.59;9;65.5;no;no
71471;22;Centro;2.8;33;no;3.78;2;60.4;si;si
61595;24;Sur;4.4;15;si;6.47;4;64.0;no;no
69639;22;Centro;8.9;18;no;5.88;8;70.2;no;no
81694;18;Centro;8.4;11;si;7.67;8;87.3;si;no
22163;22;Norte;1.0;12;no;7.14;5;75.7;no;no
85923;23;Norte;18.9;7;no;9.01;8;68.7;no;si
79268;18;Sur;3.4;20;no;6.8;4;71.4;no;no
84430;20;Rural;1.3;20;no;6.51;6;53.8;si;no
21399;22;Norte;10.8;0;no;7.19;7;74.5;no;no
82509;17;Centro;9.8;0;no;8.77;8;72.3;no;no
56729;19;Centro;4.5;11;no;7.03;6;74.3;no;no
55477;20;Centro;4.9;19;no;9.49;8;60.2;no;no
89987;19;Centro;4.3;18;si;7.39;8;55.9;no;no
25621;19;Norte;4.6;1;no;9.56;9;58.9;no;no
43156;19;Rural;16.2;31;no;6.34;3;61.3;no;no
26328;20;Oeste;5.3;32;no;4.48;5;64.7;si;no
46982;23;Centro;2.5;14;no;8.49;5;79.7;si;si
35658;17;Oeste;2.4;16;no;5.85;4;77.5;no;no
90791;20;Centro;1.4;29;no;6.33;5;79.5;no;no
94169;22;Oeste;9.5;6;si;6.42;7;73.1;no;no
28285;19;Norte;5.3;7;no;8.48;8;85.5;no;no
97094;18;Norte;12.3;16;no;9.13;8;67.0;si;no
73171;18;Norte;11.5;17;no;5.09;4;71.3;si;si
44050;20;Sur;27.4;18;no;7.62;7;90.9;no;no
91199;21;Rural;44.5;28;si;5.96;7;47.4;si;no
59184;24;Oeste;3.2;16;si;7.78;8;82.3;si;no
79393;22;Oeste;3.4;15;no;6.97;5;64.6;no;no
38179;21;Sur;2.2;21;si;5.78;5;68.4;no;no
65839;24;Rural;22.8;14;no;6.33;6;69.8;no;no
20892;21;Oeste;0.7;19;no;5.7;7;75.7;no;no
78257;24;Sur;2.7;10;no;5.7;4;58.7;no;no
27075;26;Rural;12.5;41;no;3.59;2;55.3;no;si
92467;22;Centro;0.7;6;no;8.69;8;75.6;no;no
61895;25;Centro;24.5;0;si;7.92;8;77.5;si;no
22173;21;Rural;4.5;22;no;6.02;5;79.0;no;no
36996;18;Centro;9.3;5;no;7.64;8;82.4;no;no
54397;22;Centro;3.9;0;no;4.99;4;90.1;no;si
52583;22;Norte;6.5;9;no;6.64;5;77.2;si;no
80532;25;Oeste;9.2;10;si;7.95;5;57.9;si;no
58540;21;Sur;5.9;20;no;8.6;7;52.5;no;no
77076;21;Sur;26.0;40;si;5.46;5;62.3;si;no
58426;24;Oeste;11.4;20;si;5.07;3;78.7;no;si
21378;21;Oeste;10.3;0;si;4.5;3;86.7;no;no
92268;22;Centro;1.6;6;no;8.45;9;63.5;si;no
52886;21;Rural;14.3;17;no;6.66;6;70.2;no;no
97591;18;Sur;9.6;0;si;5.57;2;88.4;no;no
59678;20;Oeste;0.9;24;no;7.31;6;71.1;no;no
32217;18;Sur;18.5;20;no;5.09;2;59.6;no;si
49523;19;Norte;1.7;16;no;6.97;7;69.5;no;no
40704;21;Centro;16.2;14;no;9.28;8;81.3;si;no
56307;17;Oeste;13.6;17;no;6.67;6;73.3;si;no
77423;23;Centro;5.0;26;no;6.39;3;66.7;no;si
39144;19;Oeste;6.2;22;no;10.0;9;82.0;no;no
57475;17;Centro;5.4;0;no;7.36;7;82.5;no;no
97783;19;Centro;1.5;0;no;6.76;5;61.5;si;no
74940;23;Oeste;4.1;22;no;6.38;1;70.5;no;si
59502;21;Sur;3.7;9;no;6.74;5;59.2;no;no
29843;17;Centro;1.0;11;no;5.18;2;68.1;no;no
97170;19;Centro;15.3;5;no;8.18;8;75.3;no;no
20809;23;Norte;4.7;0;no;6.99;8;80.8;no;no
99392;21;Oeste;1.9;16;si;6.08;4;85.2;no;no
39792;24;Norte;14.6;20;no;7.1;6;66.5;no;no
60886;24;Oeste;7.1;20;no;6.5;7;76.7;no;no
70828;22;Rural;3.2;14;no;8.09;5;68.5;no;no
47270;23;Oeste;2.5;23;si;4.03;0;79.9;si;si
31880;24;Rural;73.1;30;no;8.68;9;63.5;no;no
63306;22;Sur;21.2;4;no;6.49;3;82.1;no;no
96814;20;Rural;15.3;19;si;8.0;5;61.7;no;no
31739;19;Centro;23.3;14;no;8.36;6;68.7;no;no
68294;21;Centro;26.9;10;no;9.48;9;71.9;no;no
77086;17;Oeste;2.3;26;si;8.3;5;65.0;si;no
68795;20;Rural;7.1;23;no;4.99;2;69.8;no;no
44817;21;Sur;11.5;26;no;7.43;6;81.1;no;no
50660;22;Sur;5.7;8;no;4.58;0;80.1;si;no
80911;22;Oeste;7.9;22;si;5.15;6;75.8;no;no
47180;22;Norte;3.7;3;no;7.24;5;61.1;no;no
57603;23;Rural;26.6;17;no;6.02;4;69.5;no;no
91217;20;Centro;5.1;6;no;6.6;6;82.2;no;no
83326;20;Centro;13.8;3;no;6.4;5;66.0;no;no
40062;24;Oeste;0.5;22;no;4.19;0;66.0;no;no
78996;22;Sur;18.8;14;no;5.69;4;79.1;no;no
74641;22;Oeste;3.6;17;no;5.23;3;82.0;si;no
99797;19;Norte;2.7;0;no;8.56;8;65.3;no;no
62640;19;Centro;5.8;0;no;7.14;8;100.0;no;no
55450;21;Sur;2.1;0;no;8.9;9;64.1;no;no
91402;20;Sur;2.5;24;si;8.48;7;58.8;no;no
21848;18;Centro;24.3;3;si;8.17;8;81.9;no;no
60500;21;Sur;9.6;23;no;5.28;6;80.2;si;no
21176;23;Oeste;7.7;18;no;7.27;7;72.2;no;no
66311;18;Rural;9.6;30;no;4.63;1;60.9;no;si
47684;24;Oeste;1.3;15;si;8.39;7;81.7;no;no
59954;19;Sur;10.8;17;si;7.36;7;67.1;no;no
60046;18;Sur;9.9;25;no;7.57;8;68.1;no;no
20803;19;Norte;8.9;34;si;8.66;7;65.0;no;no
84118;21;Sur;3.8;1;no;7.73;4;85.7;no;no
69340;21;Sur;0.5;10;si;7.14;3;87.6;no;si
59619;18;Sur;3.9;24;no;6.68;5;78.1;no;no
54767;17;Sur;5.9;10;si;7.55;7;77.2;no;no
43904;25;Sur;7.0;26;si;4.51;5;72.6;no;no
83623;19;Oeste;7.4;12;no;8.07;8;92.9;no;no
79719;17;Centro;8.7;1;no;7.92;7;66.0;no;no
93988;19;Norte;3.7;23;no;6.72;6;62.6;no;si
37401;20;Norte;5.4;14;no;6.83;7;86.1;no;no
61881;25;Rural;54.8;13;no;4.25;1;58.8;si;si
54644;17;Sur;6.6;18;no;5.77;5;72.1;no;no
65697;19;Centro;0.5;7;no;8.52;9;79.6;no;no
99345;17;Norte;3.3;18;no;5.27;2;86.7;no;si
32678;22;Oeste;9.6;16;no;7.04;4;79.0;no;no
80990;20;Centro;1.2;0;no;6.58;7;83.8;si;no
70201;17;Oeste;4.9;22;no;5.34;5;78.2;no;no
51767;23;Rural;3.9;18;si;8.44;8;66.5;no;no
66236;21;Rural;5.9;14;no;6.13;6;86.0;no;no
26414;20;Sur;9.8;6;no;4.35;1;79.6;no;no
48999;23;Norte;0.7;12;no;8.58;7;78.0;si;no
62881;22;Centro;12.3;3;si;9.55;9;93.7;no;no
72797;21;Centro;3.5;9;no;9.51;9;54.3;no;no
93186;23;Centro;2.0;14;no;8.25;9;75.0;no;no
88626;23;Oeste;16.6;39;no;4.94;4;55.0;si;si
72988;20;Norte;1.1;8;no;9.24;8;71.5;no;no
42917;22;Norte;0.5;15;si;8.26;5;80.6;no;no
84704;19;Oeste;3.7;23;si;5.54;6;67.2;no;no
96300;24;Centro;12.1;2;no;9.7;9;76.4;no;no
55741;21;Centro;2.5;11;no;9.21;8;87.2;no;no
53176;17;Norte;5.4;12;no;9.17;9;72.5;no;no
80332;21;Oeste;11.6;26;si;4.81;5;58.1;no;no
62290;18;Centro;0.9;11;no;5.9;5;69.0;no;si
74585;19;Centro;0.7;11;no;7.63;5;90.2;no;no
77908;25;Rural;6.3;27;si;4.77;4;60.1;si;si
63469;22;Oeste;4.7;39;si;7.95;7;43.3;si;no
74417;28;Oeste;4.8;40;no;7.49;7;51.2;no;no
76167;18;Centro;6.2;17;no;4.83;2;77.7;no;si
55702;21;Oeste;0.5;16;no;7.87;7;93.5;no;si
51315;23;Rural;62.1;24;no;4.25;1;61.5;si;si
86231;24;Oeste;10.2;39;no;5.99;5;77.4;no;no
24077;21;Sur;25.8;15;si;7.38;6;69.1;no;no
76777;23;Oeste;2.5;10;si;6.13;4;87.9;no;no
22107;19;Rural;13.0;23;no;5.83;3;66.2;si;no
25459;21;Norte;4.9;6;si;6.06;6;78.9;no;no
95821;27;Oeste;18.9;20;si;4.41;5;55.3;no;no
21374;23;Sur;1.4;21;si;6.11;7;68.6;no;no
89420;22;Sur;0.5;26;si;5.04;7;65.7;no;no
89870;21;Sur;3.6;19;no;6.56;5;64.7;no;si
85122;23;Norte;1.2;23;no;5.96;6;69.3;no;si
92820;20;Centro;2.4;10;no;7.78;6;75.0;no;no
68081;23;Oeste;1.4;24;no;7.13;6;79.0;no;no
27184;21;Sur;25.0;32;no;7.21;7;72.3;no;no
59559;21;Sur;1.0;41;no;7.1;5;59.0;no;no
61093;20;Norte;2.0;23;no;3.39;2;76.6;no;si
66824;20;Sur;10.4;13;si;5.0;2;63.4;si;si
75070;20;Centro;5.8;5;no;10.0;9;90.3;si;no
38182;24;Sur;0.5;17;no;8.6;9;73.4;si;no
33114;20;Sur;10.2;10;si;5.89;3;81.4;no;no
66577;21;Norte;2.0;7;si;9.53;7;69.4;no;no
81076;22;Norte;24.1;9;no;7.66;4;74.8;no;no
27227;25;Sur;8.8;0;no;6.28;3;89.4;no;no
43875;18;Centro;23.3;15;si;6.32;4;62.1;no;no
44768;17;Centro;0.9;5;no;6.88;4;79.0;no;no
58632;17;Centro;4.5;7;no;8.74;8;92.7;si;no
58506;23;Norte;0.9;1;no;7.46;6;90.4;no;no
27115;20;Rural;44.2;9;no;6.6;6;77.5;no;no
96511;20;Oeste;8.6;16;no;6.57;3;72.8;no;no
51850;17;Sur;2.1;38;no;5.79;3;70.4;no;no
54626;23;Oeste;15.0;23;no;6.71;5;79.4;no;no
48673;20;Norte;5.2;6;no;8.43;6;73.6;no;no
43702;17;Oeste;2.2;18;si;6.72;6;70.1;no;no
31740;24;Oeste;3.7;20;no;5.89;3;90.7;no;no
79471;18;Centro;20.5;1;no;7.47;7;84.7;no;no
33701;19;Sur;8.4;37;no;4.92;4;62.0;no;si
97673;19;Norte;1.6;0;si;8.37;7;76.1;no;no
69928;23;Rural;46.6;9;si;5.35;5;84.4;no;no
30113;20;Sur;1.3;32;no;4.54;3;74.0;no;si
92275;17;Rural;9.0;37;no;6.3;5;48.8;no;si
77369;19;Oeste;0.8;22;no;7.3;8;69.6;no;no
83287;24;Norte;4.7;0;no;7.27;7;68.4;no;no
83345;21;Rural;14.0;29;si;4.25;3;95.3;si;no
54877;19;Rural;32.5;24;no;8.52;8;46.8;no;no
81601;25;Norte;0.7;0;no;7.07;7;87.0;no;no
72575;21;Sur;7.5;17;no;7.2;7;83.2;no;no
33983;21;Centro;19.9;0;no;8.45;9;77.8;no;no
45623;20;Sur;7.9;29;no;4.21;5;63.9;si;no
58938;23;Sur;0.5;27;si;6.3;5;57.9;no;no
22426;21;Sur;8.9;32;no;6.01;5;73.2;no;no
38860;18;Centro;7.0;15;si;6.95;6;67.4;no;no
66266;24;Sur;7.7;21;no;7.14;7;63.5;si;si
73779;21;Norte;2.0;14;no;7.84;7;67.4;no;no
77845;21;Sur;11.5;24;no;7.4;3;80.5;no;no
49888;22;Oeste;32.5;8;no;7.37;3;84.4;no;no
50064;21;Sur;4.5;7;no;7.55;6;75.4;no;no
86420;21;Centro;0.5;0;no;6.71;5;77.3;si;no
61592;20;Norte;1.4;7;no;8.45;8;67.3;no;no
80761;21;Rural;23.1;27;si;5.05;5;65.0;no;no
68265;17;Norte;6.6;10;no;6.58;4;69.8;no;si
84706;22;Centro;9.7;21;no;5.79;6;70.0;no;no
56124;17;Centro;7.0;13;si;6.36;4;73.2;no;no
58746;21;Sur;1.1;27;no;4.48;4;74.8;no;si
95924;24;Centro;13.4;7;no;6.33;6;78.9;no;no
57122;20;Norte;2.8;19;no;8.09;6;59.0;no;no
90806;18;Oeste;6.0;20;si;7.47;8;74.2;no;no
85047;22;Rural;24.8;18;si;6.22;6;71.9;no;no
55174;20;Norte;0.5;15;no;2.72;0;75.6;no;no
86988;17;Centro;1.4;25;no;7.14;4;70.9;si;si
60165;23;Norte;12.1;28;no;6.98;5;74.7;no;no
90814;21;Rural;35.6;23;si;6.53;3;43.7;no;no
39753;22;Centro;15.7;11;si;6.5;4;90.1;no;no
74526;23;Oeste;6.8;45;si;5.11;7;76.5;no;no
81984;23;Rural;5.9;20;no;6.37;5;66.4;no;si
43938;22;Norte;21.8;12;no;7.2;8;93.1;no;no
57534;26;Centro;3.5;22;no;5.46;4;80.2;si;si
89991;23;Oeste;13.2;38;si;6.33;6;61.6;si;si
67108;17;Centro;14.6;10;si;7.63;5;75.8;no;no
36468;23;Oeste;11.1;29;si;4.88;5;55.8;si;no
44703;20;Rural;1.0;43;no;7.9;7;60.4;si;no
27458;18;Norte;0.7;18;si;9.21;9;71.5;no;no
96343;17;Centro;6.7;0;no;8.21;7;78.1;no;no
28868;21;Sur;3.2;14;no;7.66;5;81.8;si;no
66140;23;Oeste;9.7;35;si;4.65;2;59.4;no;si
77560;22;Sur;2.4;24;no;5.85;5;73.5;no;no
48170;18;Norte;8.2;7;no;6.0;6;66.9;no;no
77358;20;Sur;0.5;19;no;7.75;8;68.5;no;no
33789;22;Oeste;0.9;19;no;7.76;5;85.1;si;no
32717;19;Norte;2.7;24;no;7.67;7;71.4;no;no
86496;27;Sur;55.9;21;no;3.09;2;56.3;no;si
80500;19;Centro;1.7;6;no;8.01;8;88.5;no;no
93976;23;Oeste;19.0;22;si;7.02;6;75.4;no;no
77276;22;Oeste;2.0;0;si;7.13;7;69.5;no;no
38629;22;Centro;20.0;11;si;7.61;6;84.9;no;no
35849;18;Norte;19.0;19;si;8.55;7;62.7;no;no
99772;18;Norte;8.7;17;si;6.95;5;71.9;no;no
84055;21;Norte;1.8;18;no;5.23;4;71.5;no;no
28500;19;Norte;2.3;11;no;8.22;9;100.0;no;no
43681;23;Oeste;1.8;11;si;6.72;7;83.7;si;no
53988;21;Centro;5.1;15;no;4.68;4;75.9;no;no
88572;19;Centro;3.5;0;no;9.76;9;76.3;si;no
43548;23;Sur;3.6;33;no;5.69;2;77.3;no;si
79809;17;Centro;21.7;13;no;8.52;8;67.4;no;no
81881;22;Oeste;0.5;25;si;3.27;1;57.8;si;si
88880;22;Oeste;4.0;16;no;7.83;6;60.5;no;no
20563;20;Oeste;4.4;21;no;4.39;4;66.0;no;no
35972;20;Sur;7.8;0;no;7.52;6;95.5;no;no
78615;25;Centro;9.7;20;no;6.67;6;89.6;no;no
38156;23;Rural;43.9;8;si;5.6;5;64.2;si;no
65660;20;Centro;16.1;15;no;5.85;6;52.5;si;no
30226;20;Centro;1.6;12;no;9.64;8;81.0;no;no
88359;23;Sur;28.6;30;no;7.15;4;74.0;no;no
92337;19;Rural;90.0;19;si;6.89;3;62.8;no;no
87026;23;Norte;4.0;22;no;7.6;8;71.4;no;no
29413;22;Oeste;2.1;6;no;7.97;7;91.2;si;no
91597;22;Sur;11.0;10;no;7.03;6;74.3;no;no
37951;23;Centro;4.2;20;no;6.6;4;61.4;no;no
47899;19;Sur;0.6;18;no;7.09;3;74.4;no;no
94523;17;Rural;24.9;9;no;5.96;3;82.8;no;si
34622;21;Oeste;8.1;30;si;6.14;2;53.8;no;si
35045;17;Oeste;7.3;8;no;7.11;7;95.4;no;no
97116;20;Sur;4.3;37;no;6.3;3;47.7;no;si
25589;19;Centro;0.5;0;no;10.0;9;80.3;si;no
69608;19;Norte;23.6;22;si;8.05;9;71.1;no;no
51284;20;Centro;2.9;5;no;8.77;8;73.4;no;no
72493;19;Sur;3.5;0;si;6.28;2;100.0;no;no
75963;21;Sur;1.0;18;no;7.4;6;83.6;no;no
24399;21;Centro;12.5;2;si;7.21;8;95.5;si;no
77397;22;Sur;2.2;23;no;5.34;4;76.3;no;no
92225;22;Oeste;4.0;41;no;5.05;5;66.7;no;no
85914;17;Norte;4.0;15;no;7.99;9;65.4;no;no
20736;24;Sur;1.5;30;si;4.62;5;65.5;no;si
36448;21;Norte;3.4;4;no;7.14;6;81.4;no;no
81449;18;Centro;8.9;12;no;8.41;9;82.9;no;no
39758;18;Centro;11.2;1;no;7.52;7;69.4;no;no
29652;19;Centro;1.7;20;no;7.55;6;93.4;no;no
44036;17;Centro;5.0;23;no;5.13;3;68.4;no;si
82592;22;Oeste;1.7;26;si;4.75;3;43.4;no;no
73677;22;Centro;7.2;0;si;6.67;7;78.3;no;no
48940;25;Oeste;11.7;14;no;5.47;6;73.2;no;no
27169;23;Oeste;1.1;1;si;6.54;6;74.8;no;no
86077;23;Oeste;5.6;14;no;6.29;5;75.8;no;no
26400;19;Oeste;2.8;14;si;5.99;7;97.1;no;no
68209;22;Rural;25.4;24;no;3.32;1;74.8;no;si
93043;26;Sur;10.4;25;si;6.04;5;57.7;no;no
37459;19;Norte;2.3;10;no;6.11;7;99.5;no;no
58919;19;Oeste;8.8;30;si;8.67;8;66.4;no;no
89480;19;Centro;0.5;3;si;5.83;6;83.2;no;no
88212;19;Norte;3.9;21;no;5.23;5;61.4;si;si
55927;27;Centro;3.6;14;no;5.73;4;74.2;si;si
81247;25;Rural;55.7;30;si;5.46;4;64.4;no;si
41570;19;Norte;0.9;33;no;6.63;5;76.9;si;no
96882;19;Oeste;1.6;29;no;8.48;8;54.9;si;no
56182;21;Rural;5.2;45;no;8.05;7;50.5;no;si
31614;24;Sur;7.7;11;si;7.04;5;61.0;no;no
91662;22;Oeste;1.1;17;si;6.81;7;83.6;no;no
65330;20;Norte;0.5;22;si;5.36;5;79.6;no;no
68774;20;Norte;2.1;15;no;5.62;3;81.4;no;no
25472;20;Rural;10.5;24;no;6.31;6;52.1;si;si
27820;17;Rural;0.6;18;no;5.63;4;82.6;no;si
65738;21;Centro;0.5;15;si;5.66;1;77.5;no;si
72378;21;Oeste;2.2;43;no;5.64;4;59.5;no;si
59868;23;Oeste;1.3;27;no;6.56;6;62.5;si;si
53353;20;Sur;3.5;25;si;7.19;5;81.6;si;no
83818;17;Centro;3.5;0;no;9.07;8;69.0;no;no
30482;17;Sur;2.5;34;no;4.6;3;54.8;no;no
25545;17;Sur;1.0;42;no;6.05;6;72.7;no;no
24824;20;Centro;8.8;22;no;6.85;5;42.2;si;si
45335;17;Sur;8.4;17;si;6.04;6;61.7;no;no
35940;19;Rural;0.5;43;no;4.25;3;57.9;si;si
54237;21;Centro;3.7;5;no;6.64;3;86.8;no;no
35836;19;Oeste;23.9;26;no;7.89;5;51.1;si;si
67338;17;Norte;4.1;8;no;6.27;5;77.7;si;no
34280;20;Oeste;5.0;24;si;7.75;6;90.9;no;no
88313;22;Sur;7.3;28;no;5.85;5;68.7;si;si
73027;20;Norte;24.6;21;no;6.04;5;65.2;no;no
69041;20;Sur;18.6;36;no;6.0;2;57.0;si;si
80841;21;Centro;1.3;35;no;4.57;6;63.7;no;no
28399;22;Oeste;13.1;9;no;6.36;3;79.1;si;si
70208;19;Norte;9.4;0;no;7.49;6;74.0;no;no
63301;24;Rural;6.5;24;si;6.6;6;67.9;si;no
90115;21;Rural;33.5;16;si;6.03;5;70.8;no;no
70077;21;Centro;6.8;0;no;7.5;5;60.5;si;no
58246;18;Rural;69.1;3;si;5.14;3;91.6;no;no
58342;24;Norte;1.5;0;si;7.61;4;92.8;no;si
20352;23;Oeste;2.2;21;no;5.68;6;83.4;si;no
49540;21;Rural;4.9;25;no;6.07;2;69.2;no;si
29471;22;Centro;9.7;7;no;5.87;5;69.2;no;no
41512;19;Norte;5.6;24;no;6.03;4;67.3;no;si
43846;22;Rural;20.9;34;si;4.82;2;70.4;no;si
99860;23;Sur;2.6;28;si;5.86;4;61.9;no;no
71763;22;Norte;2.8;7;no;7.37;4;98.0;no;no
39816;25;Sur;1.0;26;si;5.94;5;69.2;no;no
95284;24;Oeste;14.3;40;no;3.56;0;58.7;no;si
65247;17;Norte;1.3;12;si;7.61;8;86.0;no;no
36552;17;Centro;21.9;15;no;7.82;6;83.8;no;no
32010;17;Norte;4.1;16;no;5.56;4;76.1;no;no
28904;20;Rural;60.1;27;no;5.08;4;61.0;si;si
65911;17;Norte;5.7;23;no;7.75;7;74.8;no;no
62438;23;Norte;7.9;17;no;6.67;5;75.9;si;no
54935;17;Norte;11.3;3;no;9.87;9;62.6;si;no
81817;26;Sur;5.4;6;si;6.92;4;68.2;no;no
58512;19;Rural;8.6;23;si;5.8;4;81.9;no;no
23839;22;Sur;21.5;39;no;6.54;5;57.9;no;si
31740;17;Centro;1.6;0;si;7.34;6;81.1;no;no
99528;25;Oeste;2.4;16;si;5.75;5;70.7;no;no
71769;21;Sur;13.7;31;no;3.73;2;69.5;si;no
68440;23;Sur;28.8;17;no;7.05;5;78.7;no;no
91072;25;Centro;12.6;0;no;7.64;8;86.5;no;no
73589;22;Centro;2.5;24;no;7.28;5;70.9;si;no
98641;23;Sur;27.0;19;no;7.43;7;72.3;no;no
68168;21;Norte;15.9;21;si;9.46;7;60.3;si;no
34782;24;Oeste;14.7;3;no;8.85;8;91.3;no;no
95284;20;Centro;0.5;0;no;7.5;5;88.7;no;no
31463;22;Oeste;8.3;37;no;5.2;4;68.2;no;si
32837;21;Oeste;16.1;23;si;6.55;6;52.2;si;no
73221;17;Norte;15.4;11;no;5.82;6;60.3;no;no
85201;17;Sur;0.5;0;no;7.18;8;73.6;no;no
92181;20;Rural;6.9;38;no;6.04;6;63.4;si;no
93984;21;Norte;1.4;31;no;6.4;5;59.5;si;no
64495;19;Oeste;2.5;25;no;7.23;6;50.6;si;no
63267;19;Sur;4.9;11;no;7.04;5;75.9;no;no
66843;18;Norte;1.2;17;no;8.65;8;66.9;no;no
29419;24;Sur;8.9;16;si;9.22;7;87.5;no;no
33940;19;Centro;19.9;0;no;7.74;7;82.1;no;no
82585;18;Sur;8.8;20;si;4.51;5;73.9;no;no
51945;18;Sur;0.5;2;no;6.29;5;72.5;no;no
86480;21;Oeste;6.6;32;no;5.29;4;68.5;no;no
43902;20;Oeste;18.8;33;si;4.46;3;67.6;si;no
91910;17;Centro;9.3;8;no;8.29;4;86.0;no;no
57745;17;Oeste;5.0;8;si;5.86;4;86.7;no;no
90550;20;Norte;40.8;15;no;6.17;3;73.5;no;si
23127;17;Norte;5.3;3;no;7.86;8;83.1;no;no
73725;24;Rural;69.7;23;no;6.57;5;67.4;no;si
88463;21;Rural;4.2;25;no;5.94;4;72.2;si;si
65147;18;Norte;10.7;6;no;7.56;8;72.3;no;no
74359;22;Centro;12.8;18;no;5.97;3;76.8;no;no
83720;21;Sur;12.8;24;no;6.85;5;66.3;no;no
38618;17;Norte;4.5;24;no;5.54;6;58.2;no;si
62141;22;Rural;3.3;21;no;6.69;3;71.9;no;no
99596;20;Norte;17.2;7;no;5.24;4;76.9;no;no
73461;21;Oeste;8.3;31;no;5.95;2;64.7;no;si
42453;18;Sur;15.0;24;no;7.42;4;66.1;no;si
48793;21;Sur;2.9;33;no;7.22;6;73.9;no;no
64147;21;Rural;44.8;11;no;5.43;5;74.2;no;no
70807;21;Sur;5.8;0;no;6.98;5;77.1;no;no
90278;21;Oeste;3.3;27;si;6.79;9;54.6;si;no
43696;21;Oeste;3.3;26;si;5.33;4;64.5;no;no
51096;23;Oeste;6.6;2;no;5.69;5;73.4;no;no
77418;22;Sur;0.5;32;si;4.29;4;75.6;no;no
88586;24;Oeste;0.9;31;si;6.47;4;67.6;no;no
84836;17;Centro;9.0;19;no;8.97;8;95.2;no;no
88263;21;Centro;3.5;5;no;9.37;9;60.2;no;no
62438;22;Rural;43.9;23;no;6.74;3;88.6;no;no
52580;22;Centro;44.6;0;no;7.74;8;74.9;no;no
64602;17;Centro;9.8;20;no;5.56;5;64.0;no;no
67087;18;Oeste;2.5;20;no;4.93;3;74.4;no;no
43805;18;Centro;3.8;20;no;7.52;8;58.8;no;no
43933;17;Centro;7.1;12;no;7.23;7;72.1;no;no
86210;19;Norte;4.4;12;no;6.36;4;87.8;no;no
50010;25;Oeste;8.8;34;no;3.76;4;73.2;si;no
40146;18;Centro;4.4;0;no;10.0;9;73.3;no;no
74322;22;Oeste;1.4;25;no;6.05;6;69.2;no;no
99911;23;Rural;6.6;33;no;5.21;1;57.9;si;si
56878;20;Sur;2.7;26;si;6.75;9;73.0;no;no
42357;21;Oeste;14.0;12;no;6.57;7;71.6;no;no
99326;18;Centro;7.4;11;no;6.16;3;100.0;si;si
54338;21;Sur;12.3;25;no;7.0;6;76.6;si;no
64068;29;Rural;22.8;3;si;2.47;1;63.7;si;si
64132;26;Rural;27.7;14;no;6.8;5;77.1;no;no
94458;17;Norte;2.7;0;no;8.28;7;83.9;no;no
55040;21;Oeste;1.7;28;no;8.1;6;61.2;si;no
94852;17;Centro;9.7;0;no;7.9;9;71.9;si;no
47160;22;Sur;9.0;29;no;4.11;3;65.2;no;si
38987;19;Sur;14.5;27;no;5.31;2;64.8;no;si
56053;21;Centro;42.9;9;si;8.31;7;64.9;si;no
35761;19;Norte;6.7;6;no;7.75;6;78.4;no;no
52025;24;Oeste;3.2;32;si;7.16;7;62.6;no;no
66484;18;Norte;5.0;10;no;7.86;3;80.0;no;no
86796;18;Norte;17.7;21;no;7.09;4;60.5;no;no
75499;24;Sur;0.5;22;si;7.04;7;81.9;no;no
44401;24;Centro;29.2;11;no;7.82;6;72.9;no;no
48575;21;Sur;23.8;15;no;5.21;5;85.0;si;no
24065;21;Norte;5.8;24;no;7.85;7;79.0;no;no
94547;19;Sur;16.9;24;si;5.38;6;87.6;no;no
62946;20;Sur;5.0;9;no;7.89;7;75.5;no;no
94114;19;Oeste;4.7;27;no;3.6;3;57.6;no;no
91319;26;Norte;4.8;7;no;6.48;6;76.9;no;no
57420;22;Sur;12.2;21;si;6.92;5;90.8;no;no
42507;19;Centro;5.9;12;no;7.78;6;55.2;no;no
27383;17;Oeste;3.2;17;no;5.63;4;60.1;no;si
55591;25;Norte;12.7;2;si;9.65;9;87.4;no;no
29606;22;Rural;3.6;26;no;6.99;3;53.4;no;si
29094;23;Oeste;0.5;28;si;8.06;7;68.4;no;no
37397;17;Oeste;2.8;15;si;7.74;6;59.7;no;no
66192;24;Oeste;10.4;18;no;7.6;7;73.3;no;no
52530;19;Centro;4.6;5;no;8.37;8;76.1;no;no
41736;20;Oeste;25.2;34;si;4.35;4;58.6;si;si
63091;23;Sur;1.3;27;si;6.08;4;59.2;si;si
81737;25;Oeste;29.8;33;no;6.12;5;65.7;si;no
55543;23;Oeste;6.2;17;no;8.19;9;68.6;no;no
81547;19;Centro;0.5;6;no;9.62;9;68.9;no;no
86301;23;Rural;9.5;21;no;4.55;3;88.4;si;no
87799;18;Centro;2.6;5;si;8.3;8;100.0;no;no
51195;21;Oeste;22.4;26;si;6.75;5;68.7;no;si
78261;18;Sur;15.2;19;si;7.05;5;76.7;no;no
56032;25;Norte;2.1;16;no;7.28;6;75.8;no;no
90298;20;Oeste;3.8;23;no;5.48;5;78.5;no;no
32374;18;Sur;7.9;39;no;6.82;3;68.7;no;no
75532;22;Oeste;7.2;10;no;5.23;3;78.7;no;no
29105;24;Sur;9.9;16;si;6.61;5;90.4;no;no
21804;19;Sur;4.7;2;no;7.57;5;80.0;no;no
65891;21;Sur;3.0;19;no;3.77;1;53.2;si;si
58045;20;Oeste;5.1;16;no;9.9;9;80.8;no;no
25694;24;Sur;23.2;12;no;4.02;3;80.4;no;si
28366;19;Norte;19.4;17;no;7.4;8;93.6;no;no
69734;28;Oeste;28.9;30;no;6.23;4;54.9;no;si
32537;23;Sur;16.3;29;si;7.83;5;57.1;no;no
52238;24;Oeste;0.5;35;no;7.37;5;63.3;si;si
91025;19;Oeste;9.2;16;no;4.38;2;75.3;no;si
28626;22;Rural;51.2;14;si;6.63;5;64.8;si;no
50985;19;Rural;18.6;28;si;6.64;6;57.7;si;no
60949;21;Rural;21.2;31;si;7.79;5;60.3;no;si
98189;17;Norte;0.9;5;si;5.81;5;69.6;no;no
20693;23;Oeste;1.9;43;si;6.46;6;55.4;si;no
96760;19;Rural;30.1;6;no;7.94;5;70.1;no;no
85683;24;Oeste;3.2;24;no;6.23;4;68.7;no;si
50980;17;Centro;0.7;18;si;7.37;5;81.1;no;no
77983;22;Sur;13.2;20;no;6.07;4;92.8;no;no
67514;22;Norte;25.6;19;si;6.08;5;77.1;no;no
48174;21;Sur;3.9;29;no;4.98;5;58.9;no;no
21696;22;Oeste;9.8;35;no;5.39;5;53.1;si;si
94291;24;Oeste;10.8;23;no;4.38;4;61.9;no;si
24355;20;Centro;5.9;11;si;6.18;5;58.5;no;no
46863;23;Sur;11.1;22;no;6.83;5;72.1;no;no
21680;17;Sur;1.7;23;no;4.72;3;75.5;no;no
22370;21;Norte;2.3;2;no;7.15;5;85.4;si;no
22057;25;Sur;13.9;20;si;7.77;5;58.3;no;si
56398;20;Oeste;13.8;27;no;5.59;5;71.2;no;si
92402;17;Centro;8.0;25;si;6.29;5;75.0;no;no
75255;26;Oeste;3.3;17;si;6.02;4;65.2;no;no
68954;17;Sur;4.3;33;no;5.6;3;64.0;si;no
40270;18;Oeste;6.0;21;si;6.86;9;81.5;no;no
69042;20;Norte;9.9;21;no;5.58;4;72.0;no;no
91012;22;Oeste;4.0;6;si;7.88;6;81.4;no;no
53121;24;Centro;7.8;17;no;7.37;5;80.6;no;no
36702;21;Rural;3.5;29;no;6.07;3;76.1;no;si
33847;22;Sur;2.5;34;si;5.68;7;64.5;si;no
41674;23;Oeste;14.6;1;no;8.89;9;72.1;no;no
39622;21;Centro;2.2;0;no;8.54;6;75.0;si;no
42240;21;Norte;4.6;12;si;7.9;6;83.7;no;no
72994;22;Oeste;1.2;36;no;4.87;2;64.5;no;no
39857;20;Centro;6.2;0;no;9.37;9;73.8;no;no
85216;23;Oeste;3.3;14;si;9.03;8;84.3;no;no
97963;18;Norte;5.4;13;si;6.48;5;91.4;no;no
89151;20;Norte;0.5;1;no;6.1;2;85.6;no;no
34130;22;Centro;7.2;0;si;9.27;7;64.8;no;no
68322;17;Centro;0.5;12;no;7.26;9;69.9;no;no
69227;18;Oeste;18.8;28;no;6.37;3;58.8;no;si
89559;21;Rural;43.6;26;si;6.74;5;62.2;si;no
90059;20;Sur;0.7;28;no;8.2;4;55.7;si;no
45920;24;Oeste;5.1;40;si;7.23;8;63.9;no;no
40245;22;Oeste;13.2;24;si;10.0;9;61.4;si;no
51885;20;Centro;11.3;2;no;7.56;7;77.6;no;no
79618;18;Sur;7.1;7;no;8.47;4;80.1;no;no
21865;17;Sur;7.9;1;no;7.04;5;79.4;no;no
39822;17;Norte;8.3;17;si;6.9;8;80.6;no;no
65769;21;Centro;0.5;15;no;7.53;8;80.8;no;no
79328;25;Oeste;5.1;0;si;6.75;6;84.3;no;no
22986;25;Sur;1.5;26;si;6.24;4;66.5;no;no
58142;18;Oeste;10.4;21;no;8.66;8;89.2;no;no
42237;21;Rural;30.1;19;no;4.52;3;82.2;no;si
35480;20;Centro;2.5;22;si;7.82;6;59.0;no;no
76682;21;Rural;86.0;20;no;5.44;3;48.2;no;si
52457;24;Oeste;8.4;33;si;7.37;4;72.2;no;no
47337;23;Sur;4.2;20;si;4.87;5;75.3;no;no
34396;19;Centro;3.5;16;no;4.01;2;88.8;no;no
95926;25;Oeste;11.0;31;si;3.95;4;58.9;no;si
41123;17;Norte;0.5;7;si;5.39;2;78.9;no;no
69393;21;Oeste;5.6;7;no;6.29;5;69.2;no;no
86542;17;Oeste;10.1;39;si;3.86;2;83.6;no;si
96978;22;Sur;1.7;6;no;7.44;8;86.0;no;no
60414;17;Centro;1.2;9;no;5.55;4;91.6;no;no
98513;22;Sur;2.6;14;no;6.91;6;81.0;no;no
80626;17;Oeste;8.1;12;si;5.75;3;67.5;no;no
94716;24;Rural;5.6;18;si;7.98;7;92.7;no;no
34074;20;Centro;13.3;11;no;6.88;5;87.1;si;no
33781;19;Sur;15.9;40;si;4.57;2;74.3;no;no
21971;21;Centro;5.1;17;si;7.36;4;81.6;no;no
42918;19;Oeste;2.1;11;si;4.27;3;74.6;no;no
52546;17;Centro;4.2;22;si;7.33;5;74.0;no;no
99889;22;Sur;0.8;43;no;4.27;1;85.1;no;si
23357;24;Oeste;29.3;12;no;6.52;8;65.3;no;no
84451;20;Centro;3.7;20;si;6.78;6;69.7;no;no
96504;25;Oeste;3.0;27;si;7.03;7;57.7;si;no
21400;21;Centro;3.2;1;no;7.28;4;75.9;si;no
66799;22;Norte;3.6;12;no;6.69;7;73.5;no;no
81465;22;Centro;3.0;9;no;6.05;4;63.1;no;no
82112;22;Norte;3.8;14;no;7.83;7;65.5;no;no
78423;20;Sur;5.3;30;no;4.9;3;61.8;no;no
72296;21;Oeste;2.6;4;si;3.98;3;81.5;si;no
73401;24;Oeste;23.6;34;si;7.95;7;47.9;no;no
71776;21;Sur;12.4;11;no;5.48;3;57.7;no;si
94031;21;Sur;1.1;26;no;5.48;1;74.3;no;si
63153;17;Centro;3.7;0;no;8.39;8;89.5;no;no
71058;23;Oeste;2.8;22;no;6.68;4;96.6;no;no
25054;23;Norte;6.5;9;no;7.4;3;60.5;si;no
80142;17;Sur;6.6;12;si;6.79;4;78.8;no;no
78440;18;Norte;0.9;7;no;6.74;4;81.0;no;no
35339;26;Oeste;0.5;25;si;4.5;3;83.0;no;no
41486;17;Centro;34.5;5;si;10.0;8;64.6;no;no
80592;23;Norte;10.9;29;si;8.36;8;66.4;no;no
39055;22;Centro;2.1;6;no;6.95;5;84.8;si;no
93661;25;Centro;14.6;5;no;7.05;6;85.2;no;no
86527;20;Norte;4.2;3;no;7.52;7;82.8;no;no
87651;21;Sur;9.5;20;si;4.45;0;82.3;no;no
63982;17;Centro;6.9;15;si;9.73;9;76.9;no;no
58796;22;Rural;37.4;38;no;3.94;1;62.0;no;si
54030;24;Sur;6.7;20;no;7.83;8;66.4;no;no
58314;21;Oeste;7.7;23;no;6.02;4;65.8;si;no
55350;24;Rural;0.8;32;si;2.29;0;66.6;no;si
23871;22;Norte;6.3;8;no;7.07;3;73.2;no;no
73728;22;Centro;10.1;3;no;9.08;7;68.1;no;no
41575;17;Norte;2.5;21;no;5.61;0;64.1;no;no
71868;17;Centro;0.8;8;no;7.34;7;63.8;no;no
49826;25;Rural;9.2;24;no;6.79;6;80.1;no;no
40744;19;Oeste;0.5;28;no;5.31;3;73.3;no;no
82132;22;Oeste;15.0;27;no;6.26;5;93.5;si;no
28811;20;Oeste;5.8;37;no;3.21;2;56.2;si;si
96311;19;Centro;0.5;7;no;8.18;6;100.0;si;no
59122;24;Oeste;0.7;16;no;3.46;0;88.9;no;no
89223;23;Oeste;31.4;7;si;8.47;6;64.8;no;no
75527;22;Sur;1.2;31;no;3.79;1;60.4;no;si
72908;23;Rural;6.4;27;si;6.87;6;72.6;no;no
96040;18;Rural;6.4;23;no;3.21;1;58.2;no;si
96911;17;Oeste;14.1;16;no;5.43;8;72.2;si;no
48692;22;Rural;13.3;33;no;7.32;7;58.5;no;no
48840;22;Norte;2.0;23;no;8.11;5;74.6;no;no
21939;17;Centro;8.8;16;no;5.47;5;65.4;no;no
69662;21;Sur;0.5;35;si;7.49;3;69.2;no;no
27672;24;Norte;19.4;2;no;6.15;6;85.3;no;no
93672;23;Norte;8.7;2;si;7.89;6;87.6;no;no
90842;23;Sur;22.8;27;si;6.38;6;71.2;no;no
40844;22;Norte;2.0;7;no;6.45;6;67.4;si;si
34287;17;Norte;17.6;0;no;8.71;7;61.2;si;no
53126;22;Rural;12.1;23;si;6.07;6;71.4;no;no
97829;21;Centro;8.0;0;no;9.81;9;79.4;no;no
85532;21;Rural;66.6;16;no;6.75;4;57.9;si;si
66094;17;Norte;1.4;35;no;7.87;6;71.5;no;no
45998;18;Sur;4.9;7;no;9.26;8;74.1;no;no
42563;23;Sur;4.1;23;no;6.28;8;44.7;no;no
84223;23;Rural;29.3;11;no;6.34;3;70.2;si;no
65695;22;Oeste;6.1;31;no;7.09;4;80.2;no;si
87650;24;Rural;18.9;38;no;6.72;6;66.9;no;no
65193;17;Centro;17.2;12;no;7.41;7;65.1;no;no
62209;23;Norte;16.2;0;si;8.46;6;90.1;no;no
53445;24;Rural;36.9;13;si;6.0;5;69.8;no;no
20843;27;Rural;13.0;32;no;4.19;5;76.7;no;no
81687;19;Centro;3.4;27;si;7.92;4;52.0;si;si
72025;20;Norte;9.7;11;si;8.1;8;81.1;no;no
33277;22;Norte;5.3;31;no;5.78;5;70.3;si;si
72107;19;Sur;10.1;21;no;4.01;0;64.4;no;no
38338;18;Norte;1.2;13;no;8.88;9;63.6;no;no
58575;20;Norte;8.6;2;no;7.54;6;79.8;no;no
84313;24;Rural;41.5;17;no;5.97;2;71.4;no;no
23764;17;Centro;0.5;11;no;6.7;5;75.4;no;no
22622;19;Rural;6.8;29;no;6.92;4;60.4;si;si
89556;21;Sur;2.9;23;no;8.08;5;62.0;no;no
20495;17;Sur;0.5;32;si;6.36;5;65.7;no;no
39180;19;Oeste;4.5;26;si;5.91;5;80.6;no;no
71855;21;Sur;3.4;13;si;6.69;5;74.9;no;no
73091;21;Sur;8.8;25;no;6.21;3;63.2;si;si
88787;22;Rural;90.0;7;no;7.29;6;67.0;no;no
32780;21;Sur;20.8;25;no;4.34;3;63.2;no;no
75264;24;Centro;14.3;6;no;9.25;9;78.7;no;no
85534;19;Norte;3.4;15;si;5.76;4;79.3;no;no
87918;21;Sur;9.2;26;si;5.79;4;81.1;no;no
75976;23;Sur;1.6;12;si;5.43;4;80.3;no;no
95114;23;Sur;12.7;43;no;5.33;4;65.7;si;si
34429;18;Centro;0.5;15;no;8.85;7;80.8;no;no
28486;20;Centro;1.9;18;no;7.42;6;70.9;no;no
80085;23;Norte;0.5;4;no;7.83;6;80.0;no;no
78976;23;Oeste;10.2;23;no;4.5;2;77.8;no;no
80923;22;Norte;1.0;0;no;8.8;8;85.8;no;no
46912;18;Centro;6.2;0;no;9.36;8;89.6;no;no
27998;22;Sur;5.4;0;si;7.45;5;75.6;no;no
49149;21;Oeste;23.0;29;no;4.79;3;62.3;si;si
75099;24;Norte;6.4;7;no;7.57;7;79.0;no;no
98954;21;Oeste;7.1;24;no;7.18;7;72.7;no;no
47821;20;Centro;11.8;4;no;8.27;6;77.8;si;no
42372;17;Norte;8.1;19;no;7.68;6;76.1;si;no
63142;22;Oeste;15.7;15;si;6.86;4;70.9;no;no
69759;23;Oeste;10.4;31;no;7.27;8;66.2;no;no
73878;19;Norte;5.0;17;si;6.36;5;76.4;no;no
90792;18;Sur;5.1;34;no;6.55;6;70.7;no;no
22224;20;Norte;2.6;6;no;8.08;6;82.0;no;no
29865;20;Oeste;5.4;31;si;6.54;6;62.2;no;no
95806;23;Centro;3.0;27;no;5.13;6;73.9;no;no
67095;18;Norte;5.7;11;si;3.99;2;90.3;no;no
82759;21;Rural;66.2;37;no;6.92;6;66.2;si;no
57035;22;Centro;8.4;0;no;10.0;9;86.9;no;no
33149;21;Oeste;6.4;23;no;7.65;9;64.3;no;no
42089;19;Rural;11.9;18;no;7.18;7;81.5;no;no
99296;19;Norte;10.2;0;no;5.62;7;83.0;no;no
39646;20;Oeste;15.1;20;no;7.61;6;76.0;no;no
94148;20;Centro;6.7;30;no;7.58;9;65.9;no;no
54923;19;Centro;2.0;15;no;6.94;6;80.7;no;no
44114;25;Sur;18.0;26;si;9.18;8;75.9;no;no
81656;26;Rural;7.5;13;si;4.85;1;55.7;si;si
83114;17;Centro;11.6;2;si;8.76;5;73.1;no;no
73272;21;Centro;9.9;7;no;6.8;7;65.3;no;no
86029;23;Centro;12.8;2;no;8.8;7;67.0;no;no
91801;20;Oeste;1.2;23;no;8.22;8;58.2;si;si
26602;25;Rural;47.9;20;si;6.06;5;48.4;no;no
57348;20;Rural;19.0;23;no;4.16;1;77.4;no;si
91538;21;Centro;4.1;0;no;9.68;9;77.6;no;no
46680;19;Norte;1.1;12;no;5.62;4;70.7;no;no
22487;21;Oeste;2.7;2;si;9.09;8;80.6;si;no
38765;20;Oeste;1.4;30;no;5.06;4;68.6;no;no
41170;24;Rural;4.0;27;no;4.6;4;66.7;no;no
69795;21;Oeste;13.2;2;no;6.8;5;75.0;no;no
31934;23;Oeste;16.3;32;si;6.86;6;66.9;no;no
93127;26;Sur;15.2;35;no;5.52;2;56.7;si;si
52853;24;Oeste;0.7;25;no;5.78;4;73.1;no;no
79706;18;Sur;1.4;15;no;8.92;9;71.5;no;no
62426;20;Sur;9.3;34;si;6.46;4;62.5;si;si
44024;25;Oeste;20.5;25;no;7.43;6;65.8;no;no
55905;21;Centro;4.3;0;no;9.62;9;80.3;no;no
93291;21;Sur;3.8;37;no;5.72;5;57.6;si;no
91573;19;Norte;7.5;1;no;6.31;3;96.1;no;no
42467;22;Norte;3.9;31;no;6.41;5;76.9;no;no
71188;20;Norte;15.2;9;si;9.27;9;79.8;no;no
24316;21;Sur;4.8;30;no;7.46;9;70.4;si;no
62648;19;Oeste;0.7;21;si;7.3;7;68.6;si;no
80141;21;Rural;2.3;31;si;7.57;7;73.0;si;no
36866;17;Centro;1.0;5;si;9.97;9;86.4;no;no
23262;26;Oeste;12.9;15;si;6.32;6;69.2;no;no
93884;18;Rural;6.1;19;no;5.26;4;62.7;no;si
59780;19;Oeste;9.3;28;no;6.34;7;73.9;no;no
74861;17;Norte;0.5;31;no;6.74;8;67.4;no;no
64519;20;Norte;7.1;0;no;6.18;5;82.7;no;no
23374;21;Oeste;0.6;22;no;5.48;5;65.1;si;no
60054;21;Centro;21.9;9;si;6.88;6;86.4;no;no
91562;19;Oeste;0.9;28;no;4.75;4;64.6;no;si
51380;25;Oeste;1.5;11;no;5.5;2;93.4;si;no
28252;20;Sur;1.7;23;no;6.5;3;65.6;no;no
69543;17;Centro;24.9;10;si;6.48;7;68.1;no;no
61138;24;Rural;28.2;33;si;5.67;6;67.3;no;no
67049;23;Oeste;0.7;31;no;4.38;4;68.1;no;si
99487;23;Norte;4.4;5;no;4.75;5;58.7;no;no
96176;22;Norte;10.1;33;no;7.68;6;51.5;no;no
25846;19;Centro;5.4;6;no;4.29;3;68.6;no;no
78448;22;Centro;1.1;14;no;5.68;6;65.0;no;no
39799;18;Oeste;5.1;22;no;6.07;7;76.7;no;no
27546;18;Rural;5.7;14;no;6.78;6;77.2;si;no
74692;24;Centro;6.6;7;no;7.79;9;76.6;no;no
74103;17;Centro;4.9;13;no;6.06;5;69.9;si;no
51484;27;Sur;7.2;27;no;5.14;4;56.5;si;si
47176;23;Rural;15.3;45;si;6.5;2;56.2;si;si
88875;19;Centro;8.0;16;no;5.04;6;77.5;no;si
54671;17;Sur;3.5;17;no;6.65;6;76.4;no;no
24362;20;Centro;8.5;15;si;9.29;9;57.0;no;no
97460;19;Oeste;0.7;1;si;6.01;2;81.0;no;no
64920;17;Norte;7.6;14;no;6.78;5;69.2;no;no
44062;20;Centro;15.3;0;no;7.6;6;77.8;no;no
55092;18;Norte;0.5;8;no;7.53;9;73.1;no;no
39095;17;Oeste;12.5;19;no;4.82;2;75.4;no;no
57582;17;Sur;12.2;9;no;6.18;6;77.6;no;no
33907;20;Oeste;8.6;21;no;5.77;3;67.2;no;no
29558;20;Norte;12.9;13;no;8.74;7;82.8;no;no
58124;17;Norte;10.2;4;no;8.86;8;77.3;no;no
62512;18;Rural;30.0;24;no;6.12;7;81.9;no;no
51643;22;Sur;0.7;18;no;6.22;5;81.2;no;no
63136;23;Centro;10.7;0;no;8.61;8;66.7;no;no
25202;18;Norte;13.9;28;no;10.0;9;77.2;no;no
35704;22;Centro;1.1;0;no;7.67;8;84.0;no;no
88291;19;Rural;7.8;21;no;8.27;7;56.7;no;no
22191;24;Centro;1.4;0;no;8.62;7;100.0;no;no
49234;19;Centro;20.3;0;no;7.35;8;84.2;no;no
43065;24;Sur;2.3;25;no;5.21;3;59.5;no;si
88494;19;Sur;2.7;23;no;6.13;5;73.9;no;no
68865;21;Centro;3.8;5;no;8.75;7;94.7;no;no
65007;22;Rural;38.4;11;si;5.82;6;63.5;no;no
33573;20;Rural;17.2;31;si;4.66;4;68.1;no;si
43718;21;Sur;9.6;21;si;6.58;5;72.0;si;no
53090;17;Norte;0.5;31;si;5.28;3;71.7;no;no
91876;20;Centro;2.2;0;no;6.33;3;83.4;no;no
65187;23;Sur;4.6;22;no;7.29;6;73.0;si;no
29317;17;Norte;1.9;4;no;8.6;7;74.2;no;no
35612;24;Oeste;0.5;27;si;6.28;6;66.5;si;no
21996;17;Centro;4.6;7;no;6.95;7;81.8;no;no
32901;22;Oeste;2.1;10;si;5.7;3;59.5;si;si
91182;23;Rural;11.1;23;no;4.68;0;68.1;no;si
54901;25;Rural;10.2;29;si;6.93;5;69.7;no;no
93951;26;Rural;5.7;38;si;3.64;1;63.6;si;si
46562;20;Centro;4.6;1;si;7.18;5;86.6;no;no
86457;19;Centro;2.8;2;no;7.8;7;82.7;no;no
33670;21;Rural;18.1;19;si;7.29;9;92.2;no;no
90761;24;Centro;3.0;0;si;7.42;4;65.9;si;no
60247;19;Rural;14.2;23;no;5.91;4;53.5;si;si
46889;19;Norte;10.9;7;no;7.51;6;91.0;no;no
63048;18;Norte;12.3;8;no;5.16;3;63.9;si;no
38757;20;Norte;8.1;0;no;7.61;4;79.3;si;no
66464;18;Norte;15.8;1;no;5.84;5;74.8;si;no
98147;20;Oeste;42.4;25;si;6.44;5;60.4;no;si
64731;20;Norte;2.9;0;no;7.68;4;76.3;no;no
63384;24;Sur;4.9;4;si;8.3;6;92.0;si;no
68331;19;Norte;7.4;10;si;8.16;6;74.7;no;no
59916;26;Rural;5.9;18;no;5.58;4;83.2;no;no
99274;19;Oeste;9.5;12;si;8.4;6;68.7;no;no
97240;26;Sur;13.1;33;no;3.4;3;65.5;no;si
37181;23;Norte;1.1;2;no;8.2;7;69.6;no;no
53299;21;Sur;13.9;33;no;5.7;4;63.8;no;no
88110;22;Oeste;10.5;27;no;5.67;6;73.2;no;no
57261;20;Centro;5.0;2;no;5.63;6;97.5;si;no
71027;26;Rural;90.0;18;si;5.33;2;59.2;no;si
67023;17;Centro;16.6;19;no;5.57;1;82.7;no;no
25030;23;Centro;34.7;4;no;6.61;7;74.2;no;no
37618;20;Oeste;8.5;25;no;3.66;4;73.6;no;no
84962;17;Centro;11.3;0;no;7.86;7;99.2;no;no
75352;17;Oeste;3.8;18;no;5.44;5;69.5;si;no
39524;23;Oeste;12.1;22;si;3.41;3;58.4;si;si
20300;22;Oeste;3.7;12;no;3.98;2;81.7;si;si
35749;24;Sur;1.8;22;no;5.68;5;89.2;no;no
74149;26;Sur;4.0;8;no;7.1;7;86.0;no;no
43684;20;Norte;6.7;32;no;7.58;8;94.5;no;no
47696;19;Norte;2.6;8;no;8.24;8;85.2;no;no
66133;17;Oeste;14.9;9;no;7.39;6;66.3;no;no
93825;23;Norte;6.8;3;no;9.49;8;80.2;si;no
55871;21;Centro;4.1;0;no;9.11;8;85.6;no;no
69529;17;Oeste;5.9;9;si;8.22;3;60.8;no;no
40838;21;Rural;7.3;11;no;8.76;7;65.7;no;no
81935;23;Sur;3.9;21;no;7.91;6;57.4;si;no
33773;19;Norte;11.4;28;no;6.08;4;80.9;no;si
49173;25;Oeste;11.4;21;si;4.73;3;80.6;no;no
27483;19;Centro;7.9;16;no;8.68;6;81.2;no;no
31607;19;Sur;16.5;14;si;6.52;7;77.5;no;no
24758;17;Sur;3.5;8;no;6.87;6;78.5;no;no
71537;18;Sur;1.6;15;si;5.46;4;59.5;si;no
47198;23;Oeste;7.5;35;no;6.85;6;64.5;no;no
24718;18;Centro;4.5;9;no;7.87;6;78.7;no;no
40556;19;Rural;54.2;17;no;6.75;6;69.8;no;si
95271;17;Norte;14.9;12;no;7.28;5;73.9;no;no
73251;23;Centro;4.9;12;no;6.37;5;81.3;no;no
94824;20;Sur;16.6;30;si;6.6;6;68.7;si;no
88120;22;Sur;5.7;13;no;7.32;6;70.5;no;no
77123;24;Sur;20.7;33;no;5.58;3;62.3;si;si
21547;20;Rural;2.6;9;si;6.14;4;88.9;si;no
45909;22;Centro;1.7;14;no;6.6;5;79.9;no;si
58337;20;Sur;10.8;35;no;3.62;0;52.6;si;si
89025;21;Oeste;2.1;24;no;7.95;8;60.2;no;no
51478;20;Norte;15.8;32;si;6.01;3;56.6;no;no
20738;24;Rural;57.8;37;si;6.76;6;57.1;no;no
42158;25;Rural;8.0;15;no;6.51;5;75.4;no;no
77791;17;Centro;0.5;0;no;6.32;5;56.3;si;no
73194;20;Rural;41.1;11;si;7.11;6;69.8;no;no
78400;24;Sur;1.2;12;si;4.92;5;76.4;no;no
95840;19;Centro;3.6;10;no;5.19;3;80.6;no;no
73018;20;Rural;3.5;25;si;5.89;4;78.5;no;no
45777;23;Norte;4.7;15;si;8.72;6;74.6;no;no
28176;21;Sur;4.9;18;no;5.53;4;81.7;no;no
36542;22;Centro;2.8;22;si;6.49;5;65.9;no;no
85995;22;Rural;4.4;41;no;7.31;5;60.2;no;no
44515;18;Sur;31.1;23;no;6.5;4;65.8;no;si
55735;19;Rural;8.3;6;si;5.63;2;75.0;no;si
30047;17;Centro;10.7;9;si;6.91;8;66.3;no;no
39830;22;Oeste;1.2;29;no;5.57;3;46.6;si;si
30280;22;Sur;8.4;36;no;5.67;4;52.3;no;no
99543;20;Sur;6.4;19;no;5.41;6;47.0;si;no
71688;17;Norte;29.4;0;si;6.18;6;78.2;no;no
96940;21;Rural;53.9;26;no;7.84;7;70.4;no;no
43701;21;Sur;1.1;18;si;5.45;2;73.7;no;no
63942;25;Rural;40.3;35;si;5.77;5;62.7;si;no
39646;18;Sur;1.8;17;si;4.89;3;59.3;no;no
31249;19;Sur;1.2;22;no;6.14;5;61.9;no;no
61351;22;Oeste;7.4;21;no;5.23;4;77.8;si;no
86740;21;Oeste;17.0;34;no;7.01;6;66.5;no;no
30534;18;Oeste;13.4;18;si;5.73;1;47.6;si;si
86908;24;Norte;41.2;14;no;8.75;7;65.9;no;no
39810;24;Oeste;3.5;18;no;6.19;5;98.7;si;no
83270;19;Norte;10.4;15;no;7.14;7;49.4;si;no
87170;21;Norte;5.4;16;no;5.13;3;74.4;no;si
94411;20;Norte;3.6;0;si;9.44;9;87.3;no;no
35874;21;Rural;31.4;22;si;7.58;7;75.4;no;no
55162;22;Oeste;12.2;15;no;6.28;5;77.6;no;no
38747;24;Norte;14.0;0;si;7.1;5;86.7;no;no
67368;21;Rural;16.6;24;si;4.79;4;77.4;no;no
49713;25;Sur;1.6;27;no;7.01;3;71.8;no;no
54450;23;Sur;2.1;25;si;5.8;3;74.2;no;no
48105;18;Centro;0.6;26;no;4.73;2;67.2;no;si
52830;25;Sur;1.8;10;no;6.42;2;79.8;no;si
20960;24;Oeste;2.6;16;no;4.9;3;73.5;no;si
61922;22;Oeste;2.3;25;no;5.84;5;74.0;no;no
84602;19;Centro;4.6;10;no;7.42;9;89.5;no;no
47874;19;Oeste;1.1;39;si;6.23;3;65.9;si;no
97679;21;Rural;47.4;11;no;4.77;2;72.8;no;no
89698;22;Oeste;15.0;30;si;6.06;3;62.0;si;si
51230;23;Centro;11.0;0;no;7.63;4;75.7;no;no
47834;19;Sur;1.9;29;no;6.61;5;70.6;no;no
48566;21;Norte;9.4;22;no;7.74;7;56.4;si;no
76133;20;Sur;3.4;24;no;5.37;5;72.6;si;no
36479;19;Oeste;9.1;20;si;6.77;5;61.3;no;no
38447;19;Norte;0.7;0;no;5.29;4;77.6;no;no
33888;21;Centro;7.7;2;no;5.31;2;99.4;no;no
81484;22;Oeste;1.6;15;si;7.52;7;66.0;si;no
62121;20;Oeste;17.1;0;no;6.95;6;96.8;si;no
70621;21;Centro;13.7;6;no;7.95;5;80.5;no;no
68555;19;Sur;17.7;19;no;7.77;7;92.6;si;no
28007;19;Norte;12.6;19;no;5.05;6;65.9;no;si
63684;20;Norte;1.5;0;no;6.04;5;91.9;no;no
99369;19;Sur;35.3;27;si;5.22;4;63.9;no;no
70149;19;Oeste;5.6;24;si;6.22;5;64.4;si;no
77987;25;Rural;50.9;35;no;6.28;1;50.1;no;si
69412;22;Oeste;16.6;36;no;5.93;3;55.5;si;si
85845;21;Sur;18.1;38;no;4.72;1;75.9;no;si
77955;21;Sur;8.4;24;si;8.3;9;71.9;no;no
65084;20;Oeste;2.9;17;no;5.97;2;61.8;no;no
37491;21;Rural;42.6;35;si;6.31;6;47.9;si;no
75597;27;Rural;23.3;24;no;4.7;3;69.2;si;si
30185;23;Sur;4.4;18;no;6.44;5;85.8;no;no
71824;18;Centro;0.9;0;no;6.61;5;72.0;no;no
84265;24;Norte;5.8;11;no;8.49;8;72.4;no;no
36813;20;Rural;20.2;30;no;4.41;1;66.6;no;si
36979;23;Centro;1.8;20;no;4.91;1;71.1;no;si
91042;19;Norte;3.6;7;no;6.71;4;79.3;no;no
90173;22;Oeste;11.1;24;no;5.5;5;66.4;no;no
31655;22;Sur;8.2;7;si;5.56;5;66.2;no;no
63587;21;Norte;2.1;9;no;6.83;5;77.7;no;no
36788;21;Sur;12.7;28;si;5.43;2;61.7;no;si
25569;20;Sur;0.5;16;si;5.82;6;58.4;no;no
92824;22;Rural;30.3;19;no;7.0;2;88.2;no;si
50089;25;Sur;25.0;17;no;4.56;2;80.6;no;si
49202;19;Centro;0.5;4;no;5.56;4;93.9;no;no
68635;17;Norte;2.5;0;no;7.05;5;95.0;no;no
83546;17;Oeste;0.7;0;si;5.79;6;62.5;no;no
34154;19;Rural;4.2;19;no;4.96;3;65.4;no;no
55404;17;Centro;8.1;0;no;9.53;9;86.6;no;no
94953;17;Centro;1.6;0;no;7.62;9;79.3;no;no
82811;22;Rural;17.1;24;no;5.47;5;80.1;no;si
56063;21;Centro;7.5;0;no;6.6;4;95.6;no;no
32517;21;Norte;1.6;26;no;6.8;6;82.5;no;no
43843;18;Sur;2.6;2;si;8.95;8;61.8;no;no
99640;21;Rural;9.9;23;no;5.57;6;69.2;no;si
94221;22;Oeste;18.3;37;no;7.62;8;52.3;no;no
63976;21;Oeste;13.5;29;no;7.01;3;52.0;si;si
20322;23;Rural;7.6;0;no;7.86;6;84.8;no;no
66183;23;Sur;21.4;26;no;4.97;5;57.6;no;si
60162;21;Sur;31.8;22;si;7.04;5;67.5;no;no
54392;24;Sur;6.4;27;no;5.62;5;52.9;si;si
64249;23;Oeste;3.4;22;no;4.68;3;56.5;no;no
46178;23;Rural;8.3;23;no;5.73;3;77.5;no;no
98655;23;Sur;3.4;39;no;6.64;5;52.4;no;no
40187;21;Oeste;28.5;22;no;2.99;0;49.3;si;si
62324;25;Sur;0.5;25;no;4.26;4;74.2;no;no
72309;20;Norte;26.6;0;no;9.82;8;79.9;no;no
43514;18;Sur;10.9;17;no;7.15;7;59.6;no;no
42566;20;Centro;9.1;1;no;7.84;8;96.3;si;no
77594;22;Oeste;1.2;38;si;5.16;2;58.6;no;si
83697;27;Rural;8.4;45;no;5.15;3;67.3;si;si
58718;19;Centro;1.0;0;no;5.58;5;81.5;no;no
31333;22;Oeste;14.3;23;no;6.11;5;81.5;no;si
56493;24;Oeste;2.0;23;si;5.97;4;78.3;no;si
85547;21;Centro;4.9;15;si;7.98;5;77.1;no;no
78154;21;Centro;3.9;0;no;7.06;6;78.9;no;no
51809;22;Sur;5.7;23;no;4.48;4;64.8;no;no
40919;23;Sur;10.3;17;no;6.33;2;67.0;no;si
20171;17;Sur;3.4;29;no;5.28;5;74.6;no;no
56005;24;Norte;11.9;0;no;8.3;5;87.3;no;no
49053;22;Oeste;2.3;39;no;5.8;3;54.4;si;si
31796;19;Sur;0.5;15;no;8.23;8;90.1;no;no
46481;24;Rural;1.9;11;no;4.35;3;74.5;no;si
27277;22;Sur;9.8;28;no;5.85;5;59.1;no;no
78222;18;Oeste;2.4;14;no;5.32;3;83.2;no;si
72907;21;Oeste;7.2;35;si;6.17;3;79.9;no;no
67813;22;Sur;13.4;9;si;3.87;4;89.3;no;no
62562;18;Oeste;8.7;20;si;6.89;4;69.5;si;no
75837;18;Sur;9.0;27;si;6.16;3;74.0;no;no
23881;22;Sur;3.4;17;no;6.28;7;62.6;no;no
89992;19;Sur;2.2;8;no;6.87;6;69.4;no;no
29630;22;Sur;22.4;41;si;5.84;7;53.8;no;si
86768;19;Oeste;1.0;22;no;6.5;3;54.2;no;no
40876;20;Oeste;2.2;23;no;4.92;2;85.8;no;no
52629;18;Centro;15.0;3;no;6.64;3;87.5;si;no
96583;20;Norte;1.1;0;no;8.88;9;100.0;no;no
87446;19;Norte;25.8;5;no;6.65;6;67.9;si;no
27701;19;Oeste;1.9;18;si;3.61;0;84.4;no;si
49932;24;Centro;29.4;0;no;5.64;3;88.4;no;no
48650;22;Sur;8.2;17;si;5.34;4;56.1;si;si
44498;19;Sur;1.6;30;no;7.35;7;74.7;no;no
32494;20;Sur;2.7;8;no;4.47;3;76.4;no;no
28271;18;Centro;15.2;0;no;6.67;6;67.9;no;no
33630;22;Norte;14.9;11;no;7.38;5;87.2;si;no
88498;17;Centro;1.9;2;no;9.13;7;88.5;no;no
51508;21;Rural;4.4;10;no;7.47;7;83.0;no;no
75543;24;Oeste;21.9;11;no;9.21;9;78.1;no;no
71859;18;Sur;3.6;24;si;5.16;5;75.4;si;no
87981;19;Oeste;0.5;30;no;4.7;4;57.5;si;si
49896;22;Sur;14.0;12;si;8.84;8;62.2;no;no
57741;24;Oeste;4.3;18;no;9.29;8;79.6;no;no
67591;17;Centro;2.4;12;no;8.11;8;75.3;no;no
72644;20;Sur;5.5;5;si;6.64;5;83.6;no;no
21793;21;Norte;4.8;12;no;5.41;4;68.9;no;no
28169;20;Centro;3.7;18;si;8.56;8;69.2;no;no
42218;20;Oeste;19.9;18;no;4.2;6;82.8;no;no
39544;19;Centro;16.3;18;si;6.31;6;66.2;no;no
98624;22;Oeste;2.4;33;no;5.98;3;56.4;si;si
37272;17;Centro;2.1;12;no;9.16;8;76.9;no;no
70138;27;Rural;16.6;18;no;6.08;4;74.2;si;si
68675;19;Sur;9.6;25;no;5.42;4;68.7;no;no
70785;23;Sur;4.3;21;no;5.72;5;78.9;no;no
64610;18;Centro;8.2;7;si;8.1;6;77.9;no;no
78240;22;Oeste;10.8;19;no;5.67;3;59.8;no;si
79425;18;Norte;3.4;2;no;9.95;9;89.6;no;no
37306;24;Oeste;16.6;31;no;5.14;3;73.5;no;no
36817;24;Sur;0.8;12;no;8.73;7;57.7;no;no
61118;18;Centro;12.5;0;no;6.7;6;80.9;no;no
93437;21;Norte;6.4;5;no;8.71;7;79.6;no;no
43459;19;Sur;3.7;25;si;7.1;6;65.9;no;no
67172;21;Centro;21.1;20;no;6.36;7;63.1;no;no
98454;23;Sur;9.1;11;no;5.69;2;77.6;no;si
65229;17;Norte;4.2;12;no;6.21;3;81.9;si;no
82426;17;Norte;0.5;21;no;5.05;4;64.1;si;si
84277;21;Centro;4.0;0;no;7.71;6;84.8;no;no
67514;18;Oeste;0.6;8;si;5.69;4;85.3;no;no
72013;17;Norte;3.7;13;no;6.16;3;75.1;no;no
23322;17;Norte;5.4;0;no;6.99;6;82.9;si;no
51137;20;Rural;85.1;34;no;4.06;2;74.5;no;no
26100;21;Centro;4.4;14;si;4.81;3;98.6;no;no
29555;24;Sur;10.6;38;no;2.54;0;46.4;si;si
52093;22;Norte;15.7;14;no;7.62;6;80.4;no;no
36483;19;Centro;6.1;0;si;8.62;8;85.0;no;no
46264;21;Sur;8.8;18;no;5.94;4;89.8;no;no
93259;19;Norte;6.4;17;no;4.83;3;80.3;no;si
89742;21;Rural;31.5;0;no;7.0;6;77.9;no;no
27882;20;Sur;2.1;19;si;5.8;3;63.6;no;no
91459;24;Oeste;0.6;34;no;5.5;2;72.0;no;no
95936;18;Centro;2.6;2;no;6.36;4;85.0;no;no
53455;25;Sur;0.5;31;no;6.99;6;66.7;no;no
26627;23;Rural;61.5;1;no;6.39;1;91.1;si;no
62088;17;Norte;1.6;11;no;7.93;6;71.7;no;no
81785;25;Rural;2.1;27;no;4.41;2;72.8;no;si
30912;22;Oeste;2.5;23;no;6.94;7;63.0;no;no
63344;21;Centro;25.5;13;no;5.41;1;77.5;no;no
87729;19;Sur;24.9;21;no;6.75;5;55.1;si;no
83812;23;Oeste;0.5;29;si;6.65;3;66.1;si;si
51962;26;Oeste;6.8;16;no;8.63;7;71.0;no;no
49716;23;Sur;2.8;32;no;5.88;3;56.5;no;si
97265;25;Norte;20.8;0;no;6.11;6;71.5;no;no
95435;19;Norte;14.5;31;no;4.95;1;58.3;no;si
43913;21;Rural;13.2;31;no;6.98;8;65.0;no;no
68160;17;Oeste;0.9;36;no;6.77;8;60.5;no;no
68731;22;Sur;6.2;20;no;6.48;6;67.1;no;no
90495;19;Oeste;3.6;24;no;5.86;5;73.9;si;no
81431;19;Rural;27.5;19;no;4.98;4;67.6;no;no
42953;21;Rural;76.6;39;si;6.1;6;71.0;no;no
92555;20;Centro;1.0;22;no;7.54;7;60.4;no;no
51644;17;Rural;14.7;32;no;3.22;0;60.6;si;si
62777;20;Sur;1.1;13;si;6.76;3;68.9;no;no
70569;19;Norte;0.5;14;no;5.45;5;65.9;si;si
71800;25;Centro;6.9;9;no;7.75;8;80.0;no;no
98694;24;Sur;2.7;21;no;6.36;5;59.5;si;no
72474;21;Oeste;0.6;16;si;6.36;5;85.3;no;no
84077;21;Centro;2.0;0;no;6.97;4;86.0;no;no
38630;19;Oeste;12.9;45;no;7.05;5;67.6;no;no
52086;21;Rural;32.1;31;si;5.05;4;73.4;no;no
69227;20;Rural;85.9;32;no;8.32;8;40.9;no;no
40092;24;Sur;8.9;1;no;7.22;6;85.3;no;no
29984;19;Norte;2.7;37;si;6.2;5;51.5;si;si
99680;18;Rural;8.0;10;no;6.37;5;82.1;no;no
76519;23;Oeste;6.6;26;no;4.75;1;65.5;no;no
46426;20;Sur;3.8;16;no;5.93;3;64.0;no;no
47988;23;Oeste;22.1;27;no;4.52;4;45.0;si;si
60633;20;Sur;9.2;21;no;6.97;6;70.5;no;no
29293;19;Rural;41.4;35;si;2.69;1;48.1;no;si
68178;20;Oeste;0.5;12;no;6.91;5;79.4;no;no
23324;25;Oeste;12.3;23;no;6.6;1;80.9;si;no
90678;22;Norte;1.6;10;no;6.45;5;81.7;no;no
30489;18;Sur;5.4;5;no;7.63;6;77.0;no;no
37675;23;Norte;2.1;0;no;7.09;7;93.4;no;no
42309;23;Rural;6.3;12;si;5.43;3;74.7;no;si
47150;22;Oeste;3.8;26;no;5.77;3;74.3;si;si
85810;21;Centro;5.4;11;no;9.94;9;69.1;no;no
48913;20;Centro;27.7;31;si;4.7;0;78.8;no;si
82165;21;Centro;5.6;25;no;5.74;4;88.0;no;no
56889;21;Rural;45.0;19;no;5.92;4;54.4;no;no
77671;19;Norte;8.7;13;no;7.09;7;82.3;no;no
48401;21;Norte;1.0;4;no;7.15;4;69.1;no;si
81506;20;Norte;1.9;11;no;6.05;4;65.7;no;no
43188;17;Sur;6.8;15;no;5.5;6;78.9;no;no
31806;18;Oeste;0.5;5;si;4.84;2;87.8;no;si
42624;21;Rural;13.6;16;no;6.82;5;59.5;no;no
96726;27;Oeste;10.8;28;si;4.87;4;57.8;si;si
24026;20;Centro;5.2;2;no;7.71;8;75.0;no;no
72200;23;Oeste;15.0;12;no;6.89;8;72.4;no;no
68149;18;Norte;1.1;27;si;6.24;2;67.4;si;no
89273;24;Oeste;8.3;41;no;5.68;4;70.4;si;si
45929;22;Centro;2.4;4;no;6.47;4;74.3;no;no
58549;22;Oeste;9.9;35;si;4.81;3;73.2;no;no
28052;18;Sur;15.2;33;si;3.74;3;61.2;si;si
52007;17;Norte;5.6;13;no;5.82;5;77.9;no;no
55242;21;Oeste;9.9;7;no;7.11;6;78.9;no;no
47715;19;Centro;7.7;8;no;8.2;9;76.6;no;no
60975;20;Sur;8.6;30;no;3.1;2;81.1;si;si
92091;18;Oeste;2.0;22;si;4.29;2;59.4;no;no
99267;25;Sur;11.3;40;no;7.03;6;61.3;si;si
80228;26;Centro;14.1;7;no;5.97;4;89.7;no;no
90038;18;Centro;0.5;9;no;7.54;5;63.8;si;no
52419;18;Centro;9.0;0;no;7.85;6;78.0;no;no
47024;17;Centro;15.9;7;si;9.78;9;77.1;no;no
96866;17;Centro;9.6;10;si;4.65;2;87.9;no;no
59574;17;Oeste;7.6;17;no;5.11;6;79.7;no;no
85329;19;Centro;4.1;13;no;8.31;8;70.7;no;no
47098;22;Rural;9.6;40;no;5.66;6;64.7;no;no
41884;21;Sur;18.9;34;no;6.54;6;66.0;no;no
60215;18;Centro;23.9;20;no;7.38;6;86.3;no;no
41987;19;Centro;3.3;13;no;6.0;5;66.0;no;no
59817;21;Norte;3.6;0;no;5.38;6;69.4;no;si
89868;20;Norte;1.6;0;si;8.42;9;63.1;si;no
43649;22;Sur;6.3;16;no;5.73;5;86.1;no;no
60529;20;Sur;8.6;22;si;5.36;3;79.1;no;si
78177;21;Oeste;17.0;12;no;6.94;6;73.0;no;no
97551;21;Oeste;2.2;21;no;6.53;4;73.5;no;no
62608;21;Rural;8.5;21;no;8.13;7;63.4;no;no
83002;20;Norte;2.5;18;no;6.63;5;62.5;no;no
28620;18;Rural;19.1;42;si;3.8;3;74.9;no;no
88788;23;Oeste;5.2;10;no;8.26;7;87.3;no;no
57860;19;Sur;6.0;20;no;6.98;2;61.6;no;si
76114;25;Centro;14.2;0;no;6.24;6;78.1;no;no
52273;19;Sur;6.7;15;no;7.25;6;85.2;no;no
27754;18;Centro;3.1;9;no;8.15;6;74.7;no;no
87457;21;Sur;14.1;27;no;4.92;5;59.8;si;si
60632;23;Oeste;1.3;10;no;5.29;5;100.0;no;si
21122;21;Oeste;0.5;25;no;6.12;6;74.7;no;no
70077;18;Norte;25.6;13;no;6.81;4;74.3;no;no
65022;21;Centro;2.7;6;no;6.15;3;65.6;no;si
81376;23;Sur;9.5;24;si;5.78;6;68.3;no;no
35603;25;Sur;14.3;32;si;4.89;2;62.9;no;no
87793;24;Sur;9.9;38;si;6.16;3;78.4;no;si
86924;21;Oeste;1.6;19;no;7.52;6;85.9;no;no
78383;18;Norte;2.7;11;no;8.8;8;67.6;si;no
85416;23;Norte;29.0;0;no;8.18;5;80.5;no;no
65277;19;Centro;39.8;10;no;7.12;6;57.4;no;no
73555;19;Rural;13.3;20;no;5.89;6;73.0;no;no
22286;20;Sur;8.4;32;si;6.3;5;68.1;no;no
89575;21;Sur;7.0;19;si;4.2;4;81.7;no;no
87120;22;Centro;1.1;15;no;9.45;8;76.3;no;si
96279;25;Sur;3.7;11;si;5.69;3;97.3;no;no
74710;20;Norte;3.5;20;no;7.14;3;72.7;no;si
96216;21;Centro;3.1;24;no;7.08;8;59.1;si;no
22227;24;Norte;2.1;10;no;8.67;7;73.2;no;no
28563;18;Oeste;1.1;17;no;5.51;5;87.0;no;no
70200;19;Oeste;0.7;32;si;5.84;4;42.0;no;si
34373;21;Norte;8.3;13;si;5.68;2;64.5;si;si
46421;20;Oeste;9.7;39;si;4.7;3;61.4;no;si
68305;22;Sur;1.1;33;si;7.67;4;85.7;no;no
70076;19;Sur;7.3;21;no;9.35;9;88.5;si;no
76590;19;Norte;6.1;19;no;8.77;7;72.3;no;no
69187;21;Centro;3.4;3;no;8.95;9;74.6;si;no
45797;25;Oeste;10.6;0;si;6.58;9;92.6;no;no
77950;21;Oeste;2.0;12;no;5.96;6;79.1;no;no
93271;22;Sur;8.7;11;no;7.67;5;76.5;no;no
53869;21;Oeste;1.9;10;si;6.45;3;83.6;no;no
75221;25;Oeste;19.2;1;si;4.52;4;81.8;no;si
50963;20;Rural;8.1;23;no;5.47;7;60.7;no;no
48023;21;Centro;5.8;17;si;8.51;8;81.0;no;no
23167;21;Norte;12.8;24;no;9.93;9;74.8;no;no
76930;20;Oeste;0.5;22;no;6.86;6;76.4;no;no
85702;18;Oeste;1.4;6;si;6.52;4;83.7;no;no
20797;21;Sur;4.7;30;no;5.03;4;81.8;no;no
87590;22;Sur;1.8;19;no;7.28;6;56.3;no;no
41475;25;Centro;0.5;7;no;7.78;8;88.3;no;no
83360;20;Rural;42.3;26;no;7.11;7;68.3;no;no
98699;20;Norte;2.4;10;si;7.19;6;91.8;no;no
29580;21;Oeste;1.6;9;no;6.78;6;92.9;no;no
52859;18;Centro;18.6;9;no;4.78;3;77.2;no;no
68780;21;Sur;17.5;14;si;6.2;0;63.0;no;si
82681;19;Sur;0.5;14;no;6.78;6;69.9;no;no
79445;20;Norte;6.8;0;si;6.83;7;71.4;no;no
80494;22;Rural;8.0;25;si;5.87;2;82.1;no;no
29172;23;Norte;1.1;21;si;7.97;7;77.9;no;no
39423;21;Sur;8.5;25;no;3.47;4;68.9;si;no
40349;20;Norte;5.0;21;no;7.9;5;60.5;si;si
89180;24;Rural;36.6;7;si;7.88;5;70.8;no;no
94755;17;Norte;0.5;23;no;6.33;6;68.0;no;si
43627;18;Oeste;10.4;20;no;6.64;6;63.2;no;si
71362;21;Norte;4.6;21;no;5.76;3;70.2;no;no
88314;20;Oeste;7.3;23;si;6.06;1;65.0;no;no
97525;24;Rural;14.1;27;si;5.63;3;65.5;no;no
41326;21;Norte;7.5;16;no;6.82;8;74.3;no;no
90749;21;Oeste;12.5;30;no;7.42;4;61.0;no;no
51356;25;Sur;0.8;33;no;4.23;4;60.5;no;no
76293;24;Norte;8.1;0;no;7.35;8;82.9;no;no
45044;17;Norte;14.7;6;no;5.23;3;86.1;no;no
91267;23;Sur;3.2;8;si;4.8;4;83.2;no;no
95923;24;Sur;0.5;15;si;6.35;6;69.1;no;no
86174;18;Centro;4.3;10;no;8.0;8;76.7;no;no
29947;20;Sur;37.7;27;no;3.96;3;73.3;no;si
57185;20;Norte;7.2;32;no;6.15;5;84.6;si;no
80027;21;Rural;16.9;23;no;5.91;4;56.5;no;no
76706;26;Rural;15.4;24;si;7.78;8;72.1;no;no
84750;22;Norte;8.0;4;no;7.18;3;77.7;no;no
98316;19;Sur;4.4;12;no;6.66;7;73.7;no;no
76145;20;Rural;11.7;12;si;8.8;5;67.3;no;no
72110;23;Rural;3.5;34;si;4.95;2;82.2;si;si
83346;23;Norte;1.2;20;no;7.01;4;77.8;no;no
74313;20;Sur;0.8;30;no;5.3;3;57.7;si;si
65728;21;Rural;24.2;33;no;8.15;6;48.8;no;no
81071;20;Centro;0.5;10;no;6.68;5;81.2;no;no
89366;19;Sur;7.8;25;no;7.14;6;68.7;no;no
43727;24;Rural;4.5;4;si;6.81;3;81.6;no;no
90388;23;Oeste;3.1;26;no;5.16;4;84.8;no;si
54587;23;Rural;34.4;32;si;5.0;2;78.0;no;no
95235;22;Sur;3.4;18;no;9.1;8;90.6;si;no
58470;22;Sur;4.1;27;no;5.09;3;70.6;no;si
80851;22;Rural;17.0;32;si;6.48;4;50.7;si;si
95840;23;Sur;1.6;24;no;4.79;3;72.5;no;si
56238;17;Centro;4.0;4;no;7.56;8;89.3;no;no
32470;21;Oeste;6.6;4;no;7.47;7;85.5;no;no
28525;23;Centro;25.2;4;no;9.28;8;61.9;si;no
64380;21;Centro;6.7;2;no;8.45;9;72.3;no;no
92065;22;Centro;2.8;13;no;5.4;3;78.7;no;si
78101;18;Sur;5.1;8;no;7.32;4;78.4;no;no
98072;21;Oeste;2.9;3;no;9.7;8;88.7;no;no
57865;21;Sur;1.0;15;si;7.46;8;80.4;si;no
93882;20;Oeste;2.0;9;no;6.29;4;75.4;no;no
80098;17;Centro;2.1;21;no;6.96;5;66.6;no;no
66206;21;Rural;90.0;11;si;7.46;8;69.8;no;no
57220;21;Oeste;19.7;30;si;4.47;4;59.6;si;no
61157;24;Oeste;14.1;10;no;8.73;9;77.6;no;no
35169;18;Norte;5.8;17;si;6.37;7;65.5;no;no
59659;21;Oeste;10.1;32;no;7.96;7;79.4;no;no
50985;20;Norte;21.8;16;no;7.76;6;70.9;no;no
33175;22;Oeste;15.6;21;si;6.47;7;82.1;no;no
41685;21;Oeste;12.2;13;no;7.79;7;72.5;no;no
47427;21;Oeste;7.9;20;no;5.0;3;69.0;no;si
31696;18;Sur;6.4;25;si;6.0;6;86.6;no;no
96828;20;Sur;5.2;29;si;6.53;6;71.0;no;no
72276;23;Sur;2.7;15;no;9.51;8;63.1;no;si
61937;23;Rural;3.5;42;no;4.04;3;62.5;si;si
93508;22;Sur;0.5;5;si;6.29;5;100.0;no;no
49660;19;Rural;39.8;10;si;6.13;5;68.3;no;no
46035;28;Rural;21.4;10;no;4.58;6;69.6;no;no
42572;23;Norte;5.2;0;no;5.57;2;74.0;si;no
41222;17;Norte;0.5;16;no;5.32;1;67.1;si;si
63329;22;Centro;6.4;8;no;9.1;8;55.3;no;no
36147;25;Oeste;6.2;15;no;5.85;3;98.3;no;no
35048;20;Centro;3.3;0;no;9.84;9;90.8;si;no
33818;24;Rural;11.0;26;si;6.71;6;50.3;si;no
27550;22;Sur;0.5;16;si;7.09;5;88.9;no;no
71666;21;Norte;0.5;7;no;6.37;3;88.7;no;no
26796;26;Sur;0.5;20;si;6.23;4;70.1;no;no
56949;21;Rural;90.0;17;no;7.85;9;73.4;no;no
88378;19;Norte;0.5;26;no;5.29;4;84.5;no;no
38331;21;Centro;5.6;16;no;9.0;9;61.2;si;no
45729;22;Oeste;1.9;39;si;5.39;4;83.4;no;no
67604;21;Sur;0.5;32;si;5.58;7;72.5;no;no
46586;24;Centro;1.9;5;no;7.09;7;68.4;no;no
98024;19;Centro;0.5;22;no;7.26;5;60.7;no;no
93101;24;Oeste;14.4;35;no;6.88;4;78.9;no;no
58931;21;Centro;1.0;16;no;7.5;5;92.7;no;no
94036;22;Sur;5.5;27;no;5.53;4;67.0;no;no
75058;19;Norte;2.8;20;no;8.32;7;85.0;no;no
81898;20;Rural;8.2;38;no;6.41;6;58.7;si;si
51718;19;Norte;7.8;7;no;9.25;8;90.9;no;no
90681;25;Sur;12.4;40;no;5.19;5;74.2;si;no
66602;21;Sur;19.8;30;no;6.57;3;60.6;no;no
20387;21;Sur;9.4;26;si;6.21;7;63.9;si;no
46784;17;Centro;8.1;7;no;9.27;8;77.1;no;no
22446;19;Oeste;3.7;5;no;8.47;9;85.6;no;no
56949;21;Sur;13.4;28;si;5.21;1;91.1;no;si
47404;19;Oeste;7.8;17;no;6.38;8;84.7;si;no
82641;23;Sur;5.5;20;no;6.55;7;60.0;si;no
96232;17;Centro;44.8;0;si;5.9;5;64.2;si;no
42271;24;Oeste;0.5;22;no;5.98;3;69.4;no;si
43724;20;Sur;2.9;22;no;7.34;5;86.3;no;no
65145;17;Sur;5.8;0;si;7.82;7;74.8;no;no
28717;20;Norte;19.5;8;no;7.49;7;84.1;no;no
50003;20;Norte;15.9;14;si;5.46;2;76.0;si;si
21788;22;Sur;5.2;25;si;6.96;7;60.1;no;no
74577;18;Centro;26.1;14;no;6.79;5;77.2;no;no
43120;22;Sur;5.6;27;si;5.3;4;60.1;no;no
35197;24;Rural;23.5;20;si;4.86;3;71.9;no;si
88456;24;Oeste;8.1;13;si;7.89;5;47.7;no;no
33695;23;Oeste;2.7;21;si;6.7;6;76.1;no;no
50094;24;Centro;8.8;24;no;6.5;2;83.5;no;no
23405;17;Sur;0.8;24;no;5.6;3;66.8;si;si
55368;17;Centro;15.4;7;no;9.08;7;76.2;no;no
46736;19;Norte;3.7;7;si;6.26;7;68.1;no;no
87682;18;Norte;6.1;24;no;7.51;8;57.8;si;no
35539;23;Centro;0.5;27;no;6.09;5;61.5;no;no
75609;22;Centro;1.9;20;no;5.86;5;75.5;si;no
28438;20;Sur;6.2;15;no;6.83;7;71.9;no;no
68113;22;Oeste;7.2;14;no;5.56;5;63.9;si;si
21887;19;Centro;4.1;0;no;7.33;7;87.9;no;no
81533;24;Norte;10.1;14;no;5.95;4;81.6;no;no
70971;17;Norte;12.5;11;no;5.19;2;85.3;no;no
23789;22;Rural;35.2;26;no;6.54;6;74.4;no;no
37664;22;Oeste;1.4;11;si;5.8;2;93.4;si;no
64082;18;Centro;17.0;0;no;7.91;7;78.6;no;no
25407;21;Oeste;1.1;16;no;4.36;5;72.2;no;no
52000;25;Sur;10.0;26;si;6.42;6;96.1;no;no
95729;19;Oeste;2.9;23;no;4.62;4;85.4;no;no
29842;18;Norte;5.3;11;si;4.22;1;68.1;no;no
24556;19;Rural;6.5;39;no;3.83;1;71.7;no;si
22865;20;Sur;41.8;10;si;6.02;6;83.6;no;no
47015;26;Oeste;15.2;42;si;5.98;1;53.1;no;si
58827;20;Centro;2.5;17;no;6.47;7;52.8;si;no
57202;18;Sur;17.7;22;no;5.58;3;53.5;no;no
71980;19;Sur;30.7;44;no;2.94;1;50.1;no;si
61795;26;Rural;10.0;7;si;5.84;3;77.0;no;no
22894;22;Sur;0.5;21;no;6.91;7;75.9;no;no
67959;20;Centro;20.9;7;si;8.25;8;45.6;no;no
46958;20;Rural;1.6;23;no;7.5;8;50.4;si;no
31541;19;Norte;4.1;15;si;6.73;4;61.6;no;no
74586;23;Oeste;6.1;13;si;5.74;5;79.1;no;no
60324;19;Centro;1.1;20;no;4.94;3;73.0;no;no
39650;22;Sur;3.4;26;si;7.05;5;80.3;no;no
76360;22;Rural;0.5;40;no;4.36;2;64.8;no;si
74810;20;Norte;0.5;19;no;5.34;4;83.2;no;si
47766;24;Sur;11.9;13;no;5.68;4;92.4;no;no
80699;24;Rural;25.5;0;no;5.87;5;86.0;no;no
93213;25;Oeste;6.6;18;no;6.3;3;81.4;no;no
31273;29;Sur;5.2;23;no;8.0;7;76.2;no;no
49633;19;Oeste;7.2;10;no;7.26;7;86.3;no;no
85031;22;Rural;15.0;26;no;3.57;2;66.3;no;si
93056;20;Rural;38.1;15;si;6.41;5;72.8;no;no
35424;17;Centro;7.2;11;no;7.76;7;70.6;no;no
80294;17;Norte;12.9;0;no;7.5;7;73.7;no;no
20171;19;Centro;0.5;23;no;8.08;7;80.1;no;no
42330;19;Centro;4.9;8;no;9.81;8;75.4;no;no
59255;21;Oeste;5.4;29;no;6.22;5;63.5;no;no
66627;22;Oeste;4.8;15;si;5.91;6;71.1;si;no
94510;20;Oeste;3.1;14;no;6.91;5;92.1;no;no
21685;21;Norte;3.5;18;si;8.21;9;71.7;no;no
82659;21;Oeste;2.2;17;si;6.34;2;57.1;no;no
65008;24;Oeste;0.5;22;no;5.71;6;77.3;si;no
87719;23;Sur;0.5;16;no;6.07;5;68.7;no;no
39435;20;Sur;20.5;5;si;9.32;8;73.6;si;no
